architecture,seed,direction,latent_idx,passes,candidate_available,selection_score,direction_selectivity,global_direction_selectivity,decoder_displacement_m,place_energy_enrichment,active_clean_windows,mse,mean_l0,parameter_count,all_top_expected_direction_fraction,all_top_clean_fraction,clean_top_expected_direction_fraction,decoder_raw_place_coactivity_excess_correlation,circular_shift_max_score_95pct,circular_shift_max_score_exceedance,all_top_ramp_clean_fraction,decoder_raw_first_pair_coactivity_excess_correlation,first_pair_decoder_peak_lag_s,first_pair_raw_excess_peak_lag_s
FlatWindow,0,right,26,True,True,0.24732239628540112,0.4724168622233986,0.06857157573855148,0.10236851687770315,165.35572814941406,338,0.15229840848404302,3.9982472247725567,514128,0.6875,0.0625,0.9375,0.9480235666867382,0.08296380464646029,0.009900990099009901,0.0,0.975385805434287,0.6999999999993634,0.6999999999993634
FlatWindow,0,left,26,False,True,0.0,0.4724168622233986,0.06857157573855148,0.10236851687770315,165.35572814941406,338,0.15229840848404302,3.9982472247725567,514128,0.3125,0.0625,0.0625,0.9480235666867382,0.0,1.0,0.0,0.975385805434287,0.6999999999993634,0.6999999999993634
FlatWindow,1,right,8,False,True,0.0,-0.05613840636599492,0.022084694698207567,-0.013461750473291872,155.6421356201172,440,0.15200672904181067,3.9939070194474584,514128,0.4375,0.1875,0.3125,0.9216631890891324,0.0,1.0,0.0625,-0.453321517069297,-0.24999999999977263,-0.3499999999996817
FlatWindow,1,left,8,False,True,0.003819387576126788,-0.05613840636599492,0.022084694698207567,-0.013461750473291872,155.6421356201172,440,0.15200672904181067,3.9939070194474584,514128,0.5625,0.1875,0.6875,0.9216631890891324,0.01050415147283978,0.27722772277227725,0.0625,-0.453321517069297,-0.24999999999977263,-0.3499999999996817
FlatWindow,2,right,27,False,True,0.0,0.02619679449549256,-0.03260891363646506,-0.013002126388774404,259.9490051269531,445,0.15193266790634144,3.99624405308405,514128,0.5625,0.0625,0.625,0.8992670569114282,0.0,1.0,0.0625,-0.5909555898715269,0.14999999999986358,0.14999999999986358
FlatWindow,2,left,27,False,True,0.0,0.02619679449549256,-0.03260891363646506,-0.013002126388774404,259.9490051269531,445,0.15193266790634144,3.99624405308405,514128,0.4375,0.0625,0.375,0.8992670569114282,0.011453956018061167,1.0,0.0625,-0.5909555898715269,0.14999999999986358,0.14999999999986358
FlatWindow,3,right,102,False,True,0.03873780149851109,0.16471836559555672,0.04245470341507674,0.050323111575683976,106.0525131225586,108,0.1523316636135558,3.994240881395543,514128,0.625,0.125,0.5,0.8831756543299122,0.04466774244325934,0.0891089108910891,0.0,0.8848627102470213,-0.049999999999954525,0.49999999999954525
FlatWindow,3,left,120,True,True,0.10294202356964861,-0.3218951524886969,-0.16112667019241914,-0.06738145444500998,114.13566589355469,78,0.1523316636135558,3.994240881395543,514128,0.6875,0.0625,0.6875,0.8429164107318557,0.07004975764498325,0.019801980198019802,0.0,0.8810395870428042,-0.7499999999993179,-0.7499999999993179
FlatWindow,4,right,111,True,True,0.4879236799448652,0.7177020853796164,0.1491427657483093,0.12330435448823296,247.02359008789062,203,0.1521254173665679,3.9987480176946835,514128,0.6875,0.3125,1.0,0.8569698231254316,0.09269918760810304,0.009900990099009901,0.125,0.8211783637256019,0.6499999999994088,0.6499999999994088
FlatWindow,4,left,92,False,True,0.0,0.5200386159653089,0.09781061185016239,0.08737332608635634,40.345787048339844,69,0.1521254173665679,3.9987480176946835,514128,0.3125,0.25,0.125,0.924420129487113,0.0,1.0,0.0625,0.9265704662946088,-0.14999999999986358,-0.14999999999986358
TransformerWindow,0,right,20,True,True,0.7037131468330587,0.5580052954806749,0.11828531328339321,0.2,546.637451171875,379,0.15331470584015686,4.000667723896169,555216,0.9375,0.375,1.0,0.9029826126873731,0.14511793810236928,0.009900990099009901,0.3125,0.8896324426929062,0.5999999999994543,0.6499999999994088
TransformerWindow,0,left,82,True,True,0.20850188532679786,-0.27276257674970666,-0.01987447734685814,-0.13781350999901903,255.38587951660156,342,0.15331470584015686,4.000667723896169,555216,0.6875,0.25,0.9375,0.8899553594128962,0.08390773612676677,0.009900990099009901,0.1875,0.9610346752842791,-0.7499999999993179,-0.5999999999994543
TransformerWindow,1,right,102,False,True,0.02851899380728903,0.09259709804782117,-0.024797891071553894,0.05302986395133408,331.90667724609375,388,0.153273665674162,3.998664552207662,555216,0.5,0.1875,0.5625,0.8682672552967661,0.045014560540361626,0.13861386138613863,0.0,0.5548219733013087,0.5499999999994998,0.5999999999994543
TransformerWindow,1,left,56,False,True,0.003242556744092583,-0.08737618764126444,0.10259612627140036,-0.008103782221163147,96.45399475097656,420,0.153273665674162,3.998664552207662,555216,0.375,0.5,0.375,0.9183842026273369,0.005476666419239261,0.16831683168316833,0.0,0.8858799190873957,0.29999999999972715,0.3999999999996362
TransformerWindow,2,right,100,True,True,0.6161406316904628,0.5527446983265881,0.19593105258085666,0.2,262.3449401855469,282,0.15307328138056128,3.994908605291712,555216,0.625,0.1875,1.0,0.8612707662384569,0.2124949818068259,0.009900990099009901,0.0625,0.8736046973489962,0.4499999999995907,0.4499999999995907
TransformerWindow,2,left,66,True,True,0.5992443987215719,-0.47878330521722934,-0.19815915637452028,-0.2,521.1692504882812,327,0.15307328138056128,3.994908605291712,555216,0.75,0.5,1.0,0.8728586581486093,0.258580334845217,0.009900990099009901,0.125,0.840184408195063,-0.49999999999954525,-0.49999999999954525
TransformerWindow,3,right,43,False,True,0.0,-0.3964931304234084,-0.06992742771478642,-0.11812129927678558,241.47396850585938,389,0.15322280962661614,3.9974960353893665,555216,0.6875,0.1875,0.0,0.9224675432317022,0.0,1.0,0.0625,0.8745855691297855,0.29999999999972715,-0.49999999999954525
TransformerWindow,3,left,43,True,True,0.25716210234790865,-0.3964931304234084,-0.06992742771478642,-0.11812129927678558,241.47396850585938,389,0.15322280962661614,3.9974960353893665,555216,0.3125,0.1875,1.0,0.9224675432317022,0.08883107337948341,0.009900990099009901,0.0625,0.8745855691297855,0.29999999999972715,-0.49999999999954525
TransformerWindow,4,right,107,True,True,0.39264568927745597,0.4090520313660546,0.11873453225822128,0.16979921745035317,284.1738586425781,396,0.15315705997852738,3.997162173441282,555216,0.625,0.125,0.875,0.9119594580813366,0.1868741249606803,0.009900990099009901,0.0,0.7615748050298442,0.7499999999993179,0.7499999999993179
TransformerWindow,4,left,16,False,True,0.0,0.1197321786037371,0.2413831965428297,0.13259521546497377,1089.12646484375,375,0.15315705997852738,3.997162173441282,555216,0.0625,0.4375,0.0625,0.8721198638557297,0.0,1.0,0.0625,0.8312871192422876,0.4499999999995907,0.4499999999995907
