latent_idx,peak_position,cell_0_score,cell_0_peak_distance,cell_0_outside_mean,cell_0_hit,cell_1_score,cell_1_peak_distance,cell_1_outside_mean,cell_1_hit,cell_2_score,cell_2_peak_distance,cell_2_outside_mean,cell_2_hit,cell_3_score,cell_3_peak_distance,cell_3_outside_mean,cell_3_hit,active_samples,strongest_coactive_unit,strongest_decoder_unit,cell_0_shape_hit,cell_0_support_hit,cell_0_biology_hit,cell_1_shape_hit,cell_1_support_hit,cell_1_biology_hit,cell_2_shape_hit,cell_2_support_hit,cell_2_biology_hit,cell_3_shape_hit,cell_3_support_hit,cell_3_biology_hit
0,0.16250000000000003,0.254106195952166,0.03749999999999998,0.8731049338364543,False,0.24911987601840968,0.2375,0.8742415903609843,False,0.3619452276760897,0.5374999999999999,0.8752512361510639,False,0.22429318103117646,0.5374999999999999,0.8777351940526876,False,9365,38,94,False,True,False,False,True,False,False,True,False,False,True,False
1,0.5125,0.28719432288971314,0.31249999999999994,0.8347155078454879,False,0.2855431817230052,0.11249999999999993,0.8349530242068953,False,0.4038999073741585,0.1875,0.8132369691908157,False,0.2681092623633362,0.1875,0.8245015430555054,False,4680,40,40,False,True,False,False,True,False,False,True,False,False,True,False
2,0.36250000000000004,0.2515733105724627,0.16250000000000003,0.8712025408018151,False,0.246201143240926,0.03749999999999998,0.8754852666611697,False,0.3562085757377035,0.3374999999999999,0.8934016901358593,False,0.22332035875699985,0.3374999999999999,0.8744628652896679,False,5272,84,58,False,True,False,False,True,False,False,True,False,False,True,False
3,0.6875,0.40860526427330224,0.4875,0.4630783848100991,False,0.428470809666317,0.2875,0.4335099300932624,False,0.9617506241668841,0.012499999999999956,0.02817730809965904,True,0.7473753740999387,0.012499999999999956,0.15780297478110727,False,3549,2,2,False,True,False,False,True,False,True,True,True,True,True,False
4,0.5625,0.3179320856054242,0.3625,0.8003848369018586,False,0.31448157344134087,0.16249999999999998,0.8010271322420116,False,0.44648210754214956,0.13749999999999996,0.75831235726705,False,0.30772790610533685,0.13749999999999996,0.7756851515941825,False,2907,12,12,False,True,False,False,True,False,False,True,False,False,True,False
5,0.9625000000000001,0.2520227052578605,0.7625000000000002,0.877206349357297,False,0.23781273777436318,0.5625000000000001,0.8876980467482722,False,0.36387566625828305,0.2625000000000002,0.8643575248139911,False,0.221067259814834,0.2625000000000002,0.8741715573910287,False,3682,61,61,False,True,False,False,True,False,False,True,False,False,True,False
6,0.6875,0.32797692419027524,0.4875,0.7892069276168143,False,0.3182395906183706,0.2875,0.7913745468916337,False,0.45595271943629134,0.012499999999999956,0.7507012728902935,False,0.3249446901986597,0.012499999999999956,0.760340103100997,False,2861,82,82,False,True,False,False,True,False,False,True,False,False,True,False
7,0.7625,0.3312596039654465,0.5625,0.7853486819062162,False,0.3298371221128351,0.36249999999999993,0.787155801494907,False,0.445359578729017,0.0625,0.7753973700569499,False,0.31273336737702073,0.0625,0.7701193775186526,False,3990,35,35,False,True,False,False,True,False,False,True,False,False,True,False
8,0.6875,0.28185990215372214,0.4875,0.8317297027653193,False,0.2840654587119449,0.2875,0.8370612421257589,False,0.39410524267831326,0.012499999999999956,0.8423967985588244,False,0.2629568585469958,0.012499999999999956,0.8317488884139579,False,4031,55,55,False,True,False,False,True,False,False,True,False,False,True,False
9,0.5125,0.3001586609754716,0.31249999999999994,0.81405492625018,False,0.2926645373532628,0.11249999999999993,0.8277680480050252,False,0.39606101059121346,0.1875,0.8308331096971944,False,0.26898824544047906,0.1875,0.8324238873869937,False,6592,45,45,False,True,False,False,True,False,False,True,False,False,True,False
10,0.6875,0.25857461226729717,0.4875,0.8660803410395314,False,0.2653818695063713,0.2875,0.8596300673078197,False,0.3875006387105465,0.012499999999999956,0.8307828718180723,False,0.247301108049521,0.012499999999999956,0.8478685827779936,False,5416,11,11,False,True,False,False,True,False,False,True,False,False,True,False
11,0.6625000000000001,0.30134249784521405,0.4625000000000001,0.8189232010249451,False,0.2979220485089553,0.26250000000000007,0.8231364424341104,False,0.4211289760921598,0.03749999999999987,0.7968452296078923,False,0.2864784366903754,0.03749999999999987,0.8069701585558453,False,7373,38,38,False,True,False,False,True,False,False,True,False,False,True,False
12,0.037500000000000006,0.27618262117777137,0.1625,0.8465978503958059,False,0.26189777703126393,0.36250000000000004,0.8635745057809513,False,0.3762701536937475,0.6625,0.8646177632995308,False,0.24390370321399535,0.6625,0.8552723088355045,False,4257,78,78,False,True,False,False,True,False,False,True,False,False,True,False
13,0.28750000000000003,0.2578113509866644,0.08750000000000002,0.863012867651962,False,0.25434010264594675,0.11249999999999999,0.8685924273976376,False,0.36679975217330585,0.4124999999999999,0.8666072186508702,False,0.2280293109940683,0.4124999999999999,0.8672381313312206,False,5417,58,46,False,True,False,False,True,False,False,True,False,False,True,False
14,0.48750000000000004,0.27181179317794124,0.28750000000000003,0.851194504328706,False,0.26892431767126945,0.08750000000000002,0.8473500309771497,False,0.38305077771533635,0.2124999999999999,0.8560270287015013,False,0.2460239708133265,0.2124999999999999,0.8471856787168834,False,3980,74,74,False,True,False,False,True,False,False,True,False,False,True,False
15,0.5125,0.33507515861394466,0.31249999999999994,0.7763426747274116,False,0.3344226575811249,0.11249999999999993,0.7809295577624192,False,0.46811941191429784,0.1875,0.7263200541989936,False,0.3326948030661312,0.1875,0.7481384917295522,False,2197,55,7,False,True,False,False,True,False,False,True,False,False,True,False
16,0.08750000000000001,0.2773911906121188,0.1125,0.8487764833396475,False,0.282709582313059,0.3125,0.8407241115296016,False,0.39618348840559015,0.6124999999999999,0.8153203732834494,False,0.25688407324385354,0.6124999999999999,0.8341299789942453,False,3561,39,66,False,True,False,False,True,False,False,True,False,False,True,False
17,0.0125,0.40088831893851784,0.1875,0.6980404986714667,False,0.38696234109559136,0.3875,0.7074854015653723,False,0.48910867858804385,0.6875,0.7076487099659746,False,0.3786603081557739,0.6875,0.6923054100660802,False,1376,68,68,False,True,False,False,True,False,False,True,False,False,True,False
18,0.6875,0.2981418614267636,0.4875,0.8164957656605633,False,0.28424964912007455,0.2875,0.829415458342816,False,0.3919499871122327,0.012499999999999956,0.8368924112339018,False,0.25853931424532217,0.012499999999999956,0.8312058182252604,False,2641,16,16,False,True,False,False,True,False,False,True,False,False,True,False
19,0.1875,0.2936104949635526,0.012500000000000011,0.825904204760457,False,0.2910413411511923,0.21250000000000002,0.8258113280907197,False,0.3946523984098488,0.5125,0.8388183981666292,False,0.2664500774140335,0.5125,0.8294172516858583,False,2440,34,34,False,True,False,False,True,False,False,True,False,False,True,False
20,0.1875,0.7007086760462926,0.012500000000000011,0.36157719490367957,True,0.5720929858046913,0.21250000000000002,0.4140748104438622,False,0.4935227478524199,0.5125,0.5978490393001945,False,0.49038469398899787,0.5125,0.5084014592379311,False,4529,0,0,True,True,True,False,True,False,False,True,False,False,True,False
21,0.5125,0.35108510878942245,0.31249999999999994,0.7639969984255375,False,0.3408292342271446,0.11249999999999993,0.7662513569324476,False,0.45490928838578903,0.1875,0.7333818790406469,False,0.3237557006598848,0.1875,0.7621997656866418,False,2837,19,52,False,True,False,False,True,False,False,True,False,False,True,False
22,0.5125,0.34606394069311086,0.31249999999999994,0.7585007929719155,False,0.3373635879379472,0.11249999999999993,0.770440842374691,False,0.4175022771801885,0.1875,0.7856144314779515,False,0.30018283843314153,0.1875,0.7853562835866679,False,2609,72,72,False,True,False,False,True,False,False,True,False,False,True,False
23,0.5125,0.32432006702437777,0.31249999999999994,0.7952513069071643,False,0.31411404851141844,0.11249999999999993,0.7964958370831762,False,0.4468163596249428,0.1875,0.7548332691939124,False,0.3113588039197358,0.1875,0.7716153937928504,False,4946,40,40,False,True,False,False,True,False,False,True,False,False,True,False
24,0.1875,0.43257482893633536,0.012500000000000011,0.649828599839207,False,0.4095716647924167,0.21250000000000002,0.6834250711463872,False,0.4519376431483205,0.5125,0.7594155600642779,False,0.35732158516059953,0.5125,0.7225170416128376,False,2491,99,99,False,True,False,False,True,False,False,True,False,False,True,False
25,0.1875,0.4739757833440087,0.012500000000000011,0.6189982324015973,False,0.42879991082149893,0.21250000000000002,0.6458921823909585,False,0.47338773043903626,0.5125,0.7176593894322509,False,0.38338819161038873,0.5125,0.6907242807183572,False,3057,56,56,False,True,False,False,True,False,False,True,False,False,True,False
26,0.0625,0.31362280517576957,0.1375,0.806674083046689,False,0.31089676306773584,0.3375,0.7974330319540383,False,0.41703365212837173,0.6375,0.7983926724063951,False,0.28816263308602985,0.6375,0.8025907611523413,False,2550,53,53,False,True,False,False,True,False,False,True,False,False,True,False
27,0.8875,0.364899302031381,0.6875,0.7409178076864948,False,0.35929353155312715,0.48749999999999993,0.739194959165719,False,0.47454027723380365,0.1875,0.7099032776393583,False,0.3516049811827624,0.1875,0.7229070384849485,False,2219,88,88,False,True,False,False,True,False,False,True,False,False,True,False
28,0.8125,0.3919359572577916,0.6125,0.7121327370268723,False,0.37707265243458954,0.4125,0.7163167619725525,False,0.4604802510047735,0.11250000000000004,0.724739164050409,False,0.3379835285443621,0.11250000000000004,0.7321759224280849,False,2696,46,46,False,True,False,False,True,False,False,True,False,False,True,False
29,0.6125,0.3471011922062114,0.41250000000000003,0.7588694173567102,False,0.32143902502019495,0.21250000000000002,0.7830971971039279,False,0.4015986681284546,0.08749999999999991,0.8233064726783614,False,0.28779075534793064,0.08749999999999991,0.7971827665280198,False,2198,97,97,False,True,False,False,True,False,False,True,False,False,True,False
30,0.5875000000000001,0.31699928585082615,0.3875000000000001,0.7963574038154864,False,0.30252888299176506,0.1875000000000001,0.8094558726972284,False,0.4182247643171485,0.11249999999999982,0.7797063829698604,False,0.2817724073300215,0.11249999999999982,0.8036436740061196,False,2660,28,28,False,True,False,False,True,False,False,True,False,False,True,False
31,0.5375000000000001,0.3182655773702491,0.3375000000000001,0.7987604795871537,False,0.3168539777847569,0.13750000000000007,0.7879054866354289,False,0.41634230358282376,0.16249999999999987,0.8017528125283409,False,0.28490293850228043,0.16249999999999987,0.7998371996279506,False,2973,60,60,False,True,False,False,True,False,False,True,False,False,True,False
32,0.4375,0.3506614084482468,0.2375,0.7555919973062233,False,0.3427568573496931,0.03749999999999998,0.7491761884171538,False,0.4301989083948853,0.26249999999999996,0.7537310798635689,False,0.31102241278730436,0.26249999999999996,0.776861477152824,False,1934,43,43,False,True,False,False,True,False,False,True,False,False,True,False
33,0.3875,0.4127305352757965,0.1875,0.6741015973318064,False,0.4240139309554788,0.012500000000000011,0.6728289797725059,False,0.506471820074962,0.31249999999999994,0.6803437400877309,False,0.39758928807000293,0.31249999999999994,0.6758239769579101,False,2084,67,67,False,True,False,False,True,False,False,True,False,False,True,False
34,0.6625000000000001,0.29054846477852114,0.4625000000000001,0.8259325607857021,False,0.2838303112519892,0.26250000000000007,0.8365530400257508,False,0.4128987206093846,0.03749999999999987,0.8170859401720458,False,0.27944624641469296,0.03749999999999987,0.808097716207027,False,2169,84,84,False,True,False,False,True,False,False,True,False,False,True,False
35,0.037500000000000006,0.33907510682147535,0.1625,0.7765009189671623,False,0.3282943177354598,0.36250000000000004,0.7790917947323412,False,0.42531221181381984,0.6625,0.7959024788130158,False,0.30131496341526387,0.6625,0.7892619438778008,False,2914,77,77,False,True,False,False,True,False,False,True,False,False,True,False
36,0.4625,0.3080013791446723,0.2625,0.8086950949111006,False,0.3095990279539266,0.0625,0.8049535707897798,False,0.4243354894938677,0.23749999999999993,0.7809251032245709,False,0.2901385067017803,0.23749999999999993,0.7979178042017256,False,2404,93,93,False,True,False,False,True,False,False,True,False,False,True,False
37,0.48750000000000004,0.2990718164268842,0.28750000000000003,0.8213638534826131,False,0.2928906012806787,0.08750000000000002,0.8130017027880961,False,0.3998715154672794,0.2124999999999999,0.8161633697157092,False,0.2692783854707791,0.2124999999999999,0.8284438203672365,False,2837,81,81,False,True,False,False,True,False,False,True,False,False,True,False
38,0.037500000000000006,0.3705462306945211,0.1625,0.7453053981748176,False,0.3479786246904568,0.36250000000000004,0.7529588718612744,False,0.4627496209503972,0.6625,0.7404206542402655,False,0.3432166614691706,0.6625,0.7389154980149056,False,2016,44,44,False,True,False,False,True,False,False,True,False,False,True,False
39,0.4625,0.2828431796059434,0.2625,0.835276684670073,False,0.28702689966344674,0.0625,0.8212670079571229,False,0.3866053311355684,0.23749999999999993,0.846437297696771,False,0.253934941339774,0.23749999999999993,0.838587171388958,False,2931,30,30,False,True,False,False,True,False,False,True,False,False,True,False
40,0.6125,0.38158394640785276,0.41250000000000003,0.7143633480810445,False,0.37147558164646655,0.21250000000000002,0.7145394108802922,False,0.48878804808733045,0.08749999999999991,0.6806904009960122,False,0.3708856765250025,0.08749999999999991,0.7030386350108137,False,1156,62,62,False,True,False,False,True,False,False,True,False,False,True,False
41,0.1875,0.7931398458620614,0.012500000000000011,0.25893258279697545,True,0.6262390300721881,0.21250000000000002,0.3094799713528209,False,0.49400577668705725,0.5125,0.5173868774365928,False,0.5357055325172603,0.5125,0.41296854387591,False,3216,0,0,True,True,True,False,True,False,False,True,False,False,True,False
42,0.41250000000000003,0.35245459711709104,0.21250000000000002,0.7525888578729717,False,0.3488501110497121,0.012500000000000011,0.7594006511780441,False,0.4088596887912904,0.2874999999999999,0.8220463726422902,False,0.2995037702653248,0.2874999999999999,0.796744157475166,False,1891,34,34,False,True,False,False,True,False,False,True,False,False,True,False
43,0.3875,0.33227393255093585,0.1875,0.7811767324781652,False,0.35009470094600803,0.012500000000000011,0.748548313370036,False,0.4417501300360527,0.31249999999999994,0.7517010299333171,False,0.3101487556957748,0.31249999999999994,0.7647792980753416,False,2303,89,89,False,True,False,False,True,False,False,True,False,False,True,False
44,0.6875,0.47747113117116713,0.4875,0.5989479509120894,False,0.4674598836472711,0.2875,0.6124999157429072,False,0.5379958327371392,0.012499999999999956,0.6439012966705027,False,0.4606462573044958,0.012499999999999956,0.6151158930958943,False,1695,63,63,False,True,False,False,True,False,False,True,False,False,True,False
45,0.41250000000000003,0.3302815461341003,0.21250000000000002,0.776811328074009,False,0.33349084552643105,0.012500000000000011,0.7744086769519262,False,0.4186442028484345,0.2874999999999999,0.8112666277126881,False,0.29595782460412434,0.2874999999999999,0.7909968608741849,False,2879,13,13,False,True,False,False,True,False,False,True,False,False,True,False
46,0.6875,0.3122173838501727,0.4875,0.8094324579178559,False,0.32475352036271854,0.2875,0.7819659020120016,False,0.4605772354741283,0.012499999999999956,0.737719861844186,False,0.32378107543873647,0.012499999999999956,0.7580371941279084,False,2477,64,64,False,True,False,False,True,False,False,True,False,False,True,False
47,0.08750000000000001,0.3954008199887421,0.1125,0.689893607101227,False,0.3913373425921425,0.3125,0.6814789200151795,False,0.4333172230022958,0.6124999999999999,0.7411026182108045,False,0.3440344505808489,0.6124999999999999,0.7197967868237384,False,735,17,17,False,True,False,False,True,False,False,True,False,False,True,False
48,0.7375,0.34334104717731395,0.5375000000000001,0.7692846592844574,False,0.344824496119042,0.3375,0.763287027248602,False,0.46407262016119355,0.03750000000000009,0.7383018533118166,False,0.33323287411647773,0.03750000000000009,0.7481934123420405,False,2556,71,71,False,True,False,False,True,False,False,True,False,False,True,False
49,0.5875000000000001,0.30271345602970323,0.3875000000000001,0.8160360935382031,False,0.30179832035280163,0.1875000000000001,0.812619215761554,False,0.40193461408390063,0.11249999999999982,0.8181953270270587,False,0.26996974304848853,0.11249999999999982,0.8226771001437494,False,2735,9,9,False,True,False,False,True,False,False,True,False,False,True,False
50,0.08750000000000001,0.35732033982235767,0.1125,0.7460536867032174,False,0.33867491372927383,0.3125,0.7579302358405174,False,0.45436408410292195,0.6124999999999999,0.7548453374292312,False,0.3356546860098546,0.6124999999999999,0.7401949142588278,False,2130,80,80,False,True,False,False,True,False,False,True,False,False,True,False
51,0.5375000000000001,0.3439070566265685,0.3375000000000001,0.7657632714067548,False,0.346450980768113,0.13750000000000007,0.7693838064487087,False,0.46122933355203843,0.16249999999999987,0.72593234992447,False,0.3338172839649667,0.16249999999999987,0.7525524303955979,False,3154,39,70,False,True,False,False,True,False,False,True,False,False,True,False
52,0.48750000000000004,0.4342147482959715,0.28750000000000003,0.6551185665760281,False,0.431891729797402,0.08750000000000002,0.6268780412087389,False,0.5521824261701445,0.2124999999999999,0.5774019006223969,False,0.43263873349033155,0.2124999999999999,0.6168000873782268,False,532,15,15,False,True,False,False,True,False,False,True,False,False,True,False
53,0.6875,0.35959116786718626,0.4875,0.7431481101705043,False,0.3651293931252779,0.2875,0.7353339897923108,False,0.46076954164830675,0.012499999999999956,0.7354713520387615,False,0.3532408853917145,0.012499999999999956,0.7288522170003204,False,1407,6,6,False,True,False,False,True,False,False,True,False,False,True,False
54,0.8375000000000001,0.2791069438436218,0.6375000000000002,0.8383095904758644,False,0.2735640548431435,0.4375000000000001,0.8525081783664464,False,0.37617873085259,0.13750000000000018,0.8593397840117573,False,0.2403336402257037,0.13750000000000018,0.8541980789803102,False,3552,94,94,False,True,False,False,True,False,False,True,False,False,True,False
55,0.1125,0.4135560396100467,0.08750000000000001,0.6740863479642195,False,0.38903154181489863,0.28750000000000003,0.70214685872345,False,0.4671247970101775,0.5874999999999999,0.7279402049493018,False,0.3683691681616522,0.5874999999999999,0.710653479426932,False,1103,19,19,False,True,False,False,True,False,False,True,False,False,True,False
56,0.4375,0.3508796016282224,0.2375,0.7488868438820514,False,0.36215172033526544,0.03749999999999998,0.7331036216020508,False,0.4158281408952368,0.26249999999999996,0.7855461426763917,False,0.29963555452829926,0.26249999999999996,0.7895590252211481,False,1745,22,22,False,True,False,False,True,False,False,True,False,False,True,False
57,0.6625000000000001,0.35046802514410635,0.4625000000000001,0.7601405436909114,False,0.34328155217852885,0.26250000000000007,0.7539626561229614,False,0.4525144128416888,0.03749999999999987,0.7308426703932382,False,0.3245930116481218,0.03749999999999987,0.7544368024989244,False,1736,83,83,False,True,False,False,True,False,False,True,False,False,True,False
58,0.7625,0.5009552243108975,0.5625,0.5583431159347494,False,0.49432981159636546,0.36249999999999993,0.5672660478002057,False,0.585696818553903,0.0625,0.5308052204548421,False,0.5034579897102979,0.0625,0.5482166243962605,False,594,7,7,False,True,False,False,True,False,False,True,False,False,True,False
59,0.4625,0.3815349348122171,0.2625,0.7039328357650916,False,0.38650534339424636,0.0625,0.7026893609702505,False,0.4698288602265842,0.23749999999999993,0.7127385361343787,False,0.3634423556151207,0.23749999999999993,0.7130457665962482,False,1308,5,5,False,True,False,False,True,False,False,True,False,False,True,False
60,0.9875,0.45751139960371556,0.7875000000000001,0.6262797911987104,False,0.45628145281293286,0.5875,0.6280403761239154,False,0.5279514115918043,0.2875000000000001,0.6384639508609191,False,0.4287120505759564,0.2875000000000001,0.6326151060984843,False,1884,38,38,False,True,False,False,True,False,False,True,False,False,True,False
61,0.6375,0.3526595685174906,0.43749999999999994,0.7536554729524552,False,0.34389030149869004,0.23749999999999993,0.7534708080086595,False,0.4344879468993954,0.0625,0.7989251634340637,False,0.31692551786495593,0.0625,0.7671081709653308,False,2344,8,8,False,True,False,False,True,False,False,True,False,False,True,False
62,0.0625,0.4854423328476174,0.1375,0.5759527874737971,False,0.4759423937558853,0.3375,0.5626649768919177,False,0.5200317492590494,0.6375,0.6181504144303328,False,0.4583155755211933,0.6375,0.5745149494186321,False,588,24,24,False,True,False,False,True,False,False,True,False,False,True,False
63,0.08750000000000001,0.3093440126452397,0.1125,0.8036613742224487,False,0.299283890781585,0.3125,0.8129602343623236,False,0.41513308793310755,0.6124999999999999,0.8293267533708315,False,0.28998434155210207,0.6124999999999999,0.7971388933256828,False,2800,91,91,False,True,False,False,True,False,False,True,False,False,True,False
64,0.7875000000000001,0.380959690809873,0.5875000000000001,0.7117917713946733,False,0.3644610881278829,0.38750000000000007,0.721788342593355,False,0.4675664652835019,0.08750000000000013,0.7061244908010618,False,0.3578750242546468,0.08750000000000013,0.7132962810411246,False,1529,59,59,False,True,False,False,True,False,False,True,False,False,True,False
65,0.7625,0.46598110703265694,0.5625,0.6102156481865358,False,0.4623206075586139,0.36249999999999993,0.6002273833711349,False,0.5873750741853966,0.0625,0.528870958222817,False,0.48655698409127557,0.0625,0.5685804696584577,False,532,7,7,False,True,False,False,True,False,False,True,False,False,True,False
66,0.6875,0.3389336915715643,0.4875,0.7674040267886745,False,0.3173752702549729,0.2875,0.7817802671904894,False,0.4313470318571835,0.012499999999999956,0.8043862742007056,False,0.3116715179068845,0.012499999999999956,0.774879920047652,False,2275,32,32,False,True,False,False,True,False,False,True,False,False,True,False
67,0.8875,0.4956020795515961,0.6875,0.32115104161454305,False,0.4525812001299472,0.48749999999999993,0.3101704711594652,False,0.5153471038513704,0.1875,0.1704565407478323,False,0.5158862001583829,0.1875,0.24230332859103723,False,15,65,65,False,False,False,False,False,False,False,False,False,False,False,False
68,0.7875000000000001,0.3654698813380829,0.5875000000000001,0.7436530537291108,False,0.3692679103102816,0.38750000000000007,0.7399822889204863,False,0.5246693839170703,0.08750000000000013,0.6545293566244017,False,0.3851248367434885,0.08750000000000013,0.6827002093585554,False,2296,94,94,False,True,False,False,True,False,False,True,False,False,True,False
69,0.5625,0.39759301572166683,0.3625,0.7019530391949589,False,0.38337073311087133,0.16249999999999998,0.6975271383429593,False,0.4673902609937868,0.13749999999999996,0.7171298260283387,False,0.35284137059011844,0.13749999999999996,0.7112970690186484,False,1058,11,11,False,True,False,False,True,False,False,True,False,False,True,False
70,0.48750000000000004,0.5143334730161381,0.28750000000000003,0.4836494586433758,False,0.5142895135980736,0.08750000000000002,0.4335972617519016,False,0.5354494176114546,0.2124999999999999,0.4484517256987345,False,0.5012222676915163,0.2124999999999999,0.47240602866107106,False,147,6,86,False,True,False,False,True,False,False,True,False,False,True,False
71,0.7375,0.3859097703402752,0.5375000000000001,0.7146301801790014,False,0.3806431376599322,0.3375,0.7121690739561481,False,0.4741682341914999,0.03750000000000009,0.7522761363315409,False,0.3672005031477097,0.03750000000000009,0.7097007575592407,False,1672,76,76,False,True,False,False,True,False,False,True,False,False,True,False
72,0.6125,0.5745913201169385,0.41250000000000003,0.20228213099025508,False,0.605422028847393,0.21250000000000002,0.22268082720214905,False,0.5394952254012406,0.08749999999999991,0.24587438857624738,False,0.6072548628156957,0.08749999999999991,0.2045049111653419,False,35,62,91,False,False,False,False,False,False,False,False,False,False,False,False
73,0.7125000000000001,0.5124467605676464,0.5125000000000002,0.21919832570781672,False,0.5113728819398016,0.3125000000000001,0.21873813781952403,False,0.7204246935624863,0.012500000000000178,0.005594462845587128,False,0.9781073618110365,0.012500000000000178,0.012730999330634558,True,1646,3,3,False,True,False,False,True,False,True,True,False,True,True,True
74,0.1125,0.4548967972444302,0.08750000000000001,0.611879374453402,False,0.42591920930182536,0.28750000000000003,0.6446916582294283,False,0.4920148877129399,0.5874999999999999,0.6653443546496622,False,0.40679246097611,0.5874999999999999,0.6417319341339264,False,849,73,73,False,True,False,False,True,False,False,True,False,False,True,False
75,0.5125,0.5231950658489746,0.31249999999999994,0.5003899118247987,False,0.5234116446414507,0.11249999999999993,0.49654204695545007,False,0.5646947556905031,0.1875,0.4969819507070088,False,0.5108817066706791,0.1875,0.5081587121481502,False,412,29,29,False,True,False,False,True,False,False,True,False,False,True,False
76,0.3875,0.3530090384285649,0.1875,0.7560052144086649,False,0.3557935231481546,0.012500000000000011,0.7504660659061649,False,0.45490091930377874,0.31249999999999994,0.750159915694584,False,0.33479787787572546,0.31249999999999994,0.7493808217860586,False,1669,79,79,False,True,False,False,True,False,False,True,False,False,True,False
77,0.6125,0.3156377742285077,0.41250000000000003,0.7984887530142287,False,0.31172636477410187,0.21250000000000002,0.7993146553506477,False,0.4279543591367674,0.08749999999999991,0.7862030046854734,False,0.2967116445757608,0.08749999999999991,0.7885069968555576,False,2326,93,93,False,True,False,False,True,False,False,True,False,False,True,False
78,0.5875000000000001,0.6403417296224141,0.3875000000000001,0.17327525624299805,False,0.611858882771662,0.1875000000000001,0.17922746517280583,False,0.5572002010745798,0.11249999999999982,0.18031547192799482,False,0.6492392675805448,0.11249999999999982,0.16328344334210687,False,54,76,76,False,False,False,False,False,False,False,False,False,False,False,False
79,0.08750000000000001,0.38923148401412233,0.1125,0.7034476036985814,False,0.36913826080415246,0.3125,0.7222858135393392,False,0.45590512408044337,0.6124999999999999,0.7483185114017067,False,0.34586401626478214,0.6124999999999999,0.7221845062133883,False,929,36,36,False,True,False,False,True,False,False,True,False,False,True,False
80,0.037500000000000006,0.3921177818147923,0.1625,0.6923866341149922,False,0.38502936551441413,0.36250000000000004,0.7047734635810573,False,0.4735888294992535,0.6625,0.6599244937634143,False,0.3641562111579424,0.6625,0.7017765652883771,False,879,57,57,False,True,False,False,True,False,False,True,False,False,True,False
81,0.0125,0.43009481007506756,0.1875,0.6626581885148977,False,0.40856938553113076,0.3875,0.6727423858281231,False,0.5468908495800568,0.6875,0.6073583115269873,False,0.43499483711029263,0.6875,0.6185907683562094,False,1079,68,68,False,True,False,False,True,False,False,True,False,False,True,False
82,0.2375,0.7941547148456476,0.03749999999999998,0.16241174617473564,False,0.580209053606352,0.16250000000000003,0.23739720496272532,False,0.476547893961916,0.46249999999999997,0.4094739217172416,False,0.5608412978800921,0.46249999999999997,0.3017444331515032,False,70,0,58,True,False,False,False,False,False,False,False,False,False,False,False
83,0.3125,0.3206353586270787,0.11249999999999999,0.7820325784453009,False,0.3157984832247769,0.08750000000000002,0.798773941931377,False,0.3922918977257427,0.38749999999999996,0.8544798040201438,False,0.269093583779366,0.38749999999999996,0.8228717275507191,False,2316,26,26,False,True,False,False,True,False,False,True,False,False,True,False
84,0.6875,0.5436433428321268,0.4875,0.3827195430747959,False,0.516305919061259,0.2875,0.3853923683515775,False,0.6327589576575985,0.012499999999999956,0.31242801610569626,False,0.6301483718067277,0.012499999999999956,0.30678458865197933,False,88,64,26,False,False,False,False,False,False,True,False,False,True,False,False
85,0.037500000000000006,0.3976433004393517,0.1625,0.7056052244474813,False,0.3826006825683954,0.36250000000000004,0.7206565363075184,False,0.4790790703839013,0.6625,0.7199757618976385,False,0.36577659448417654,0.6625,0.7073912578286503,False,1530,35,35,False,True,False,False,True,False,False,True,False,False,True,False
86,0.5125,0.38949888479332884,0.31249999999999994,0.7185609084013105,False,0.3855192170047387,0.11249999999999993,0.7101265087143247,False,0.4949534311530255,0.1875,0.6625679561861966,False,0.367430194079433,0.1875,0.7053389032147922,False,1674,92,52,False,True,False,False,True,False,False,True,False,False,True,False
87,0.9625000000000001,0.29734825425695066,0.7625000000000002,0.8185339114329909,False,0.293422236687757,0.5625000000000001,0.8072316003289692,False,0.38124700334887907,0.2625000000000002,0.8465330185700929,False,0.2510456301290872,0.2625000000000002,0.8375239154150279,False,2108,4,4,False,True,False,False,True,False,False,True,False,False,True,False
88,0.6875,0.38876618896992476,0.4875,0.7131958924524409,False,0.38259364254443906,0.2875,0.7050791898097255,False,0.48503999716802126,0.012499999999999956,0.6824310619040003,False,0.36720896040207085,0.012499999999999956,0.7109049171988868,False,1446,43,43,False,True,False,False,True,False,False,True,False,False,True,False
89,0.1875,0.7299658816209496,0.012500000000000011,0.2416775151019132,False,0.6435883121751299,0.21250000000000002,0.279105043649624,False,0.5497155240795772,0.5125,0.3931320010113912,False,0.6082366722901522,0.5125,0.3284910703131333,False,184,70,86,True,True,False,False,True,False,False,True,False,False,True,False
90,0.6125,0.46332383115261355,0.41250000000000003,0.6015118998215488,False,0.4367346667944719,0.21250000000000002,0.6257727091348534,False,0.517580365507687,0.08749999999999991,0.6391698557408088,False,0.4315048899414904,0.08749999999999991,0.6142699180922732,False,395,36,36,False,True,False,False,True,False,False,True,False,False,True,False
91,0.9875,0.42574399233264204,0.7875000000000001,0.6679492527786783,False,0.4287320943790963,0.5875,0.6624272588448553,False,0.4924014440730158,0.2875000000000001,0.6960162429135762,False,0.38508514093310386,0.2875000000000001,0.6896970581770713,False,2272,37,37,False,True,False,False,True,False,False,True,False,False,True,False
92,0.1125,0.45586875822311745,0.08750000000000001,0.5962012136518882,False,0.43336468306402076,0.28750000000000003,0.6269299672360761,False,0.4841535207125772,0.5874999999999999,0.6702617193593189,False,0.40413386235981996,0.5874999999999999,0.6524331366096762,False,376,19,19,False,True,False,False,True,False,False,True,False,False,True,False
93,0.3875,0.5148202470004413,0.1875,0.5165308941001746,False,0.5245798087451421,0.012500000000000011,0.5002140564301583,False,0.4818083031001449,0.31249999999999994,0.6303281136453203,False,0.43278631823218594,0.31249999999999994,0.591392001459484,False,252,92,92,False,True,False,False,True,False,False,True,False,False,True,False
94,0.1125,0.39226993645364094,0.08750000000000001,0.6979090378933599,False,0.35839627987458955,0.28750000000000003,0.7350877682036512,False,0.45663773540685215,0.5874999999999999,0.7417167322909868,False,0.3425876233476224,0.5874999999999999,0.7236663436466384,False,1454,48,48,False,True,False,False,True,False,False,True,False,False,True,False
95,0.8875,0.3633273815436804,0.6875,0.7529454084159993,False,0.3379490001895916,0.48749999999999993,0.7609132738606473,False,0.4484074146244885,0.1875,0.774742154980179,False,0.32712863153106675,0.1875,0.7581256485245792,False,2950,95,95,False,True,False,False,True,False,False,True,False,False,True,False
96,0.7125000000000001,0.6126007116000396,0.5125000000000002,0.39775593258277925,False,0.5193624914405799,0.3125000000000001,0.45161851776951706,False,0.598464632618505,0.012500000000000178,0.46525271131978463,False,0.5863904428771574,0.012500000000000178,0.40684309668697444,False,239,57,48,False,True,False,False,True,False,False,True,False,False,True,False
97,0.7875000000000001,0.5479460968163476,0.5875000000000001,0.4302404049845437,False,0.5307433968587365,0.38750000000000007,0.42872621261919236,False,0.5958393363232779,0.08750000000000013,0.43938407034451216,False,0.573693556770756,0.08750000000000013,0.40938064089360265,False,161,97,97,False,True,False,False,True,False,False,True,False,False,True,False
98,0.4375,0.45471213196498594,0.2375,0.6169372145372061,False,0.4736842751674635,0.03749999999999998,0.5909795000534442,False,0.5595382315895376,0.26249999999999996,0.5560576573572613,False,0.4597949405455978,0.26249999999999996,0.5890540391448359,False,411,70,40,False,True,False,False,True,False,False,True,False,False,True,False
99,0.6125,0.3289532813451188,0.41250000000000003,0.7758450876596109,False,0.3273039119689768,0.21250000000000002,0.7850016140359918,False,0.4497935063779165,0.08749999999999991,0.7436302157041976,False,0.3215899231172963,0.08749999999999991,0.7493721712564135,False,2032,51,51,False,True,False,False,True,False,False,True,False,False,True,False
100,0.6875,0.4039973366663331,0.4875,0.6918075819014786,False,0.3945667997729232,0.2875,0.6985489268240911,False,0.5203293243821079,0.012499999999999956,0.6614073771871933,False,0.40319773357218425,0.012499999999999956,0.6659051486310389,False,2039,10,10,False,True,False,False,True,False,False,True,False,False,True,False
101,0.5375000000000001,0.5936501305490611,0.3375000000000001,0.22004095725530998,False,0.6347447020672776,0.13750000000000007,0.18979072307090106,False,0.5691553949709325,0.16249999999999987,0.1700359465447405,False,0.6017373883652373,0.16249999999999987,0.21080005316862016,False,32,97,97,False,False,False,False,False,False,False,False,False,False,False,False
102,0.36250000000000004,0.6385413580378381,0.16250000000000003,0.31197524904035573,False,0.6447808356685332,0.03749999999999998,0.3292746565476437,False,0.566898551193388,0.3374999999999999,0.39979133503345704,False,0.5915627256292035,0.3374999999999999,0.351575658608099,False,164,64,64,False,True,False,True,True,False,False,True,False,False,True,False
103,0.16250000000000003,0.5021588476014369,0.03749999999999998,0.5592339346548848,False,0.4887047560354827,0.2375,0.5714972384877471,False,0.537803352396566,0.5374999999999999,0.6152750659701014,False,0.4799592325225215,0.5374999999999999,0.5821525785454443,False,743,63,63,False,True,False,False,True,False,False,True,False,False,True,False
104,0.36250000000000004,0.527235168910774,0.16250000000000003,0.5033099705409343,False,0.5548136889812043,0.03749999999999998,0.4875057893826467,False,0.578036340713179,0.3374999999999999,0.5141637722635979,False,0.5142055009541497,0.3374999999999999,0.5164898184346205,False,640,62,62,False,True,False,False,True,False,False,True,False,False,True,False
105,0.41250000000000003,0.6031742644993809,0.21250000000000002,0.310489241947106,False,0.6262399015878156,0.012500000000000011,0.3080198466577431,False,0.5375784334834964,0.2874999999999999,0.38511674349153024,False,0.5712714821964777,0.2874999999999999,0.32508849740836027,False,72,96,96,False,False,False,True,False,False,False,False,False,False,False,False
106,0.4375,0.6480749561599196,0.2375,0.20332005693624727,False,0.6618456534135164,0.03749999999999998,0.17367498080360405,False,0.48162336156065855,0.26249999999999996,0.2735570433738671,False,0.5397724774295998,0.26249999999999996,0.2884020065688246,False,34,17,19,False,False,False,True,False,False,False,False,False,False,False,False
107,0.0625,0.48090743758785415,0.1375,0.5899371879916288,False,0.4821996348537362,0.3375,0.5736481416199223,False,0.53517710014094,0.6375,0.6181424702413689,False,0.46140434984506806,0.6375,0.5852588824425458,False,749,24,24,False,True,False,False,True,False,False,True,False,False,True,False
108,0.6625000000000001,0.5350707863948994,0.4625000000000001,0.5009959009865459,False,0.5011332881458864,0.26250000000000007,0.5100888675715896,False,0.6417011565121074,0.03749999999999987,0.46685371189898855,False,0.5933487508100015,0.03749999999999987,0.4281620910766277,False,462,44,44,False,True,False,False,True,False,False,True,False,False,True,False
109,0.6875,0.5522762645463353,0.4875,0.4137073133961559,False,0.5716887995768547,0.2875,0.3937474798878311,False,0.6299192568438992,0.012499999999999956,0.3202844357478175,False,0.6065629708592586,0.012499999999999956,0.36480522225573614,False,114,30,30,False,True,False,False,True,False,True,True,False,True,True,False
110,0.36250000000000004,0.3547716910307025,0.16250000000000003,0.7462203764824358,False,0.3663493746946498,0.03749999999999998,0.7395147027557059,False,0.4824499211614577,0.3374999999999999,0.7158262427940999,False,0.352601791876788,0.3374999999999999,0.7183947981492882,False,1646,23,23,False,True,False,False,True,False,False,True,False,False,True,False
111,0.5125,0.461829965116361,0.31249999999999994,0.5544413194684473,False,0.4824465186122011,0.11249999999999993,0.5598397170158383,False,0.5074765156709822,0.1875,0.578907253110208,False,0.43247919298736737,0.1875,0.5875459607609205,False,297,39,39,False,True,False,False,True,False,False,True,False,False,True,False
112,0.36250000000000004,0.6093180921776891,0.16250000000000003,0.3282773657678851,False,0.6614518809325288,0.03749999999999998,0.3165744683625599,False,0.5347736548217997,0.3374999999999999,0.40948764604494586,False,0.5387735050799849,0.3374999999999999,0.3983838647605195,False,136,48,48,False,True,False,True,True,False,False,True,False,False,False,False
113,0.3375,0.5359974058471257,0.1375,0.45773106178521183,False,0.6062017680768542,0.0625,0.39474903324132093,False,0.4594943839015736,0.36249999999999993,0.5890190867462928,False,0.4279584338406228,0.36249999999999993,0.5593697055765438,False,185,87,87,False,True,False,True,True,False,False,True,False,False,True,False
114,0.5125,0.6251869857936732,0.31249999999999994,0.3769917288538488,False,0.5669701186182224,0.11249999999999993,0.40500245534673596,False,0.504725212079528,0.1875,0.5250553777487963,False,0.4942005726981411,0.1875,0.4980194646624072,False,195,15,56,False,True,False,False,True,False,False,True,False,False,True,False
115,0.9125000000000001,0.4946084840686964,0.7125000000000001,0.5662774558126357,False,0.496665242245386,0.5125000000000001,0.5522619441598227,False,0.542018667404361,0.21250000000000013,0.5418539273048861,False,0.46104558794984174,0.21250000000000013,0.567456785825874,False,412,17,71,False,True,False,False,True,False,False,True,False,False,True,False
116,0.08750000000000001,0.3992562558981647,0.1125,0.6857250018417476,False,0.39290876096389815,0.3125,0.6750388760416259,False,0.43457370973307363,0.6124999999999999,0.7410815693465835,False,0.3465137500861306,0.6124999999999999,0.714269203936712,False,665,17,17,False,True,False,False,True,False,False,True,False,False,True,False
117,0.7875000000000001,0.3366407914949392,0.5875000000000001,0.767738421341957,False,0.3215897773508857,0.38750000000000007,0.7867317911036047,False,0.43195913429012023,0.08750000000000013,0.7903275413996355,False,0.30939091152908105,0.08750000000000013,0.775939437994234,False,1784,86,86,False,True,False,False,True,False,False,True,False,False,True,False
118,0.3875,0.5697537381573943,0.1875,0.4029133979834802,False,0.5523821157121969,0.012500000000000011,0.44044658497496886,False,0.4894057003721999,0.31249999999999994,0.5684763024464291,False,0.4635782128668726,0.31249999999999994,0.5039786538164823,False,153,5,5,False,True,False,False,True,False,False,True,False,False,True,False
119,0.6625000000000001,0.47351258587207434,0.4625000000000001,0.5905840099373786,False,0.4654827040529489,0.26250000000000007,0.5949927391027467,False,0.5947725252312687,0.03749999999999987,0.5531285746504192,False,0.502264607516359,0.03749999999999987,0.5440199052990062,False,675,38,38,False,True,False,False,True,False,False,True,False,False,True,False
120,0.4625,0.28331912967589323,0.2625,0.8368315271127841,False,0.28049795481646256,0.0625,0.8353959339272683,False,0.39678664319574586,0.23749999999999993,0.8297396383729503,False,0.25838541547892946,0.23749999999999993,0.8266024104691699,False,2218,33,33,False,True,False,False,True,False,False,True,False,False,True,False
121,0.7125000000000001,0.3701014663992902,0.5125000000000002,0.7149743121277788,False,0.36328546193802347,0.3125000000000001,0.729381710718838,False,0.46333521194936134,0.012500000000000178,0.7390688290921588,False,0.3472657273687424,0.012500000000000178,0.7243825465035653,False,1153,74,74,False,True,False,False,True,False,False,True,False,False,True,False
122,0.6125,0.4282866754437097,0.41250000000000003,0.6643854810972452,False,0.4249039607411883,0.21250000000000002,0.6582050763628349,False,0.5656834408351309,0.08749999999999991,0.5849601299100196,False,0.4358555284792399,0.08749999999999991,0.6076770969316617,False,1533,29,29,False,True,False,False,True,False,False,True,False,False,True,False
123,0.6125,0.5477337633195931,0.41250000000000003,0.4556786743576619,False,0.5185965143636504,0.21250000000000002,0.4517336761033691,False,0.554281745222021,0.08749999999999991,0.45231507585634806,False,0.5029795602331938,0.08749999999999991,0.4764711688466578,False,128,59,49,False,True,False,False,True,False,False,True,False,False,True,False
124,0.8875,0.35152927476405615,0.6875,0.7602128697280623,False,0.3321696778244001,0.48749999999999993,0.7662837586458906,False,0.4409115854949991,0.1875,0.7502587342561595,False,0.312510939253255,0.1875,0.7547976662799282,False,1348,66,66,False,True,False,False,True,False,False,True,False,False,True,False
125,0.7625,0.46750362912204724,0.5625,0.5918356967869697,False,0.4717665482024088,0.36249999999999993,0.5974450975421272,False,0.5717690273172134,0.0625,0.5669104407591911,False,0.4900799287668657,0.0625,0.5529761374480575,False,661,96,96,False,True,False,False,True,False,False,True,False,False,True,False
126,0.5375000000000001,0.5164091608801538,0.3375000000000001,0.4750334364825661,False,0.5082489644641113,0.13750000000000007,0.4730511644206321,False,0.5893305721122741,0.16249999999999987,0.42508943564431856,False,0.5502877497234426,0.16249999999999987,0.4524225496779813,False,225,86,86,False,True,False,False,True,False,False,True,False,False,True,False
127,0.36250000000000004,0.5258893530813215,0.16250000000000003,0.4932741393727048,False,0.5547698506881712,0.03749999999999998,0.47482679094387403,False,0.4936148452817827,0.3374999999999999,0.5857517296365832,False,0.45045933898120216,0.3374999999999999,0.5611443205880663,False,479,72,72,False,True,False,False,True,False,False,True,False,False,True,False
