pc,direction,pool,orientation,n,preferred,clean_crossings,first_pair_mean_position,mean_position,starts_raw
1,forward,unrestricted,1,16,9,0,14,0.36038165104846953,"6175,18340,44065,55870,45770,22490,59815,34620,42085,31995,28890,21125,48985,49290,1130,41250"
1,forward,clean_crossing,1,16,9,16,16,0.3239811408450891,"18260,38805,24320,18625,31070,48610,54395,32530,28855,50915,58930,55930,9190,55020,42020,43780"
1,backward,unrestricted,-1,16,5,0,0,0.7103187161476124,"8175,8755,51475,3200,26800,23590,40615,9740,11910,25625,17075,33285,17480,29700,27550,7265"
1,backward,clean_crossing,-1,16,8,16,16,0.3470763867392126,"45505,11005,39080,44825,8065,25350,12290,49115,32340,31785,41440,11500,29980,3355,20570,47835"
2,forward,unrestricted,-1,16,11,0,0,0.13255304240994176,"56550,46660,56065,56445,4105,47810,42845,20735,33950,49745,50635,10460,46090,46975,35225,39155"
2,forward,clean_crossing,-1,16,7,16,16,0.2326769064575634,"47835,49115,36795,32340,4025,25305,25120,20815,12255,57600,7070,10625,39115,56595,28030,53375"
2,backward,unrestricted,1,16,8,0,12,0.39501977641587727,"6175,18340,22530,55870,44070,59815,45770,48050,125,48975,32020,34620,8175,21110,42085,16010"
2,backward,clean_crossing,1,16,6,16,16,0.3549106258397564,"18260,18630,24325,48590,31070,54400,44645,55005,38810,50915,43780,2135,43270,47440,28855,4235"
3,forward,unrestricted,-1,16,0,0,0,0.5050142234644043,"59690,48565,11245,43725,33515,3930,36710,48000,70,44600,25045,50525,45100,34555,14050,31750"
3,forward,clean_crossing,-1,16,15,16,16,0.2673851780459872,"18605,28840,43250,9330,18235,54355,48590,38795,50220,2090,45615,13405,31270,24290,47855,7080"
3,backward,unrestricted,1,16,2,1,2,0.46355784270766665,"5775,44125,6225,18675,22575,35835,29065,3570,55925,48635,43315,55465,8095,45295,13470,57830"
3,backward,clean_crossing,1,16,16,16,16,0.2600739548252162,"48635,55930,36775,44685,47470,43795,31110,25105,4005,45845,50585,58950,49095,55050,9210,32325"
4,forward,unrestricted,-1,16,7,0,0,0.7170669649494092,"3165,19045,9705,30095,25895,8125,40965,31670,6505,35845,26170,33230,37745,11185,7205,51425"
4,forward,clean_crossing,-1,16,16,16,16,0.2760958518611596,"43250,18605,54760,28840,9330,18235,47855,13410,54360,24315,56595,42020,7090,38795,3510,50220"
4,backward,unrestricted,1,16,7,0,1,0.6872831097322742,"3220,44440,44120,32790,45375,9790,25960,26865,3655,8825,11975,21785,55925,6565,17525,52490"
4,backward,clean_crossing,1,16,16,16,16,0.2889596175125736,"55930,45505,47465,31810,36765,48635,43790,31110,44675,29865,57585,39080,32325,25105,49095,4005"
5,forward,unrestricted,1,16,9,1,10,0.34577068766652996,"5695,44065,49990,21185,10665,35590,35850,11325,36790,43715,12530,25030,18690,48655,35405,47165"
5,forward,clean_crossing,1,16,4,16,16,0.2504079677236278,"36790,4005,55930,47475,7080,32520,48635,25115,49105,57600,32335,50220,50585,54350,58955,43795"
5,backward,unrestricted,-1,16,10,4,8,0.39096020138975246,"44100,10700,43750,36745,48600,100,3960,48025,12570,55430,25075,5740,11275,15975,14080,35545"
5,backward,clean_crossing,-1,16,10,16,16,0.3669076518874739,"48600,25075,11275,14080,44645,13435,50550,2140,8055,47440,5950,57565,20570,29980,35800,7110"
6,forward,unrestricted,1,16,5,0,1,0.4855222651418536,"44135,15930,15570,32250,47985,5790,16090,4330,47395,65,48370,3925,33510,36710,21810,52170"
6,forward,clean_crossing,1,16,7,16,16,0.2493084960848647,"9330,57600,54350,55930,44685,4005,18595,43250,2090,7480,32335,7080,36785,25115,3495,49105"
6,backward,unrestricted,-1,16,8,1,14,0.3091422390305774,"44095,50030,35540,21220,42655,13215,8195,28210,48605,5745,6805,46180,48025,47210,34925,10145"
6,backward,clean_crossing,-1,16,9,16,16,0.344708282568573,"48605,11285,50555,5950,51300,29860,9630,47880,25075,13430,14085,47440,50260,31785,4220,56605"
7,forward,unrestricted,1,16,6,0,0,0.7292675663321053,"5860,30065,19110,50440,3255,17555,35915,15305,7200,12950,36630,45380,18070,23665,27000,58050"
7,forward,clean_crossing,1,16,8,16,16,0.2932886155140869,"47465,25320,47840,8055,31820,56595,29975,43240,7090,39080,4010,25105,58960,50240,55005,43790"
7,backward,unrestricted,-1,16,10,0,0,0.691397119307948,"19070,5825,11220,19635,30120,56735,24490,35865,12915,32745,3890,3185,15265,20515,45460,50485"
7,backward,clean_crossing,-1,16,9,16,16,0.334420161569166,"28845,31070,47440,18255,7455,28020,12290,54385,18625,2140,57570,29850,50265,44650,48620,9210"
8,forward,unrestricted,-1,16,6,1,10,0.37405606027192995,"44080,16110,48015,34150,15595,7105,47415,21195,10750,55415,36730,32195,34380,35595,14460,45715"
8,forward,clean_crossing,-1,16,10,16,16,0.32494380633710856,"7105,43800,44810,50545,41415,24295,47865,32540,2125,9615,18235,18630,35785,36790,29850,48590"
8,backward,unrestricted,1,16,9,0,11,0.36957676556038066,"44045,48045,41240,7130,41380,48895,43770,10715,55910,16145,35555,15635,51910,18660,15990,32220"
8,backward,clean_crossing,1,16,12,16,16,0.29726180094823323,"7075,50570,47445,57580,48625,36765,11290,32505,25085,18260,7460,14100,31800,44665,39100,21550"
9,forward,unrestricted,-1,16,7,0,2,0.5597735003203302,"11240,16645,41030,3595,30150,5760,25965,57300,36685,17720,48105,39240,17515,29395,19545,35505"
9,forward,clean_crossing,-1,16,10,16,16,0.3065448137989819,"31790,54355,9630,47880,11285,18600,43110,37575,13425,54760,38805,35800,53360,2090,55010,50570"
9,backward,unrestricted,1,16,8,0,3,0.5803897019705143,"3605,11245,30125,34545,55405,12380,23020,31765,32110,12725,42160,59625,32590,8775,26270,24670"
9,backward,clean_crossing,1,16,10,16,16,0.3256168212009932,"44815,9620,11280,57800,55020,10990,49100,28000,47885,44645,29850,53365,45510,48110,43245,32315"
10,forward,unrestricted,-1,16,6,0,3,0.5414131307008998,"11235,30130,44075,55395,32595,25960,35185,8225,23605,35920,12385,36680,40980,11785,31770,37130"
10,forward,clean_crossing,-1,16,9,16,16,0.31016268073904024,"31785,13420,48115,29855,9625,53355,55025,44650,44820,49105,54350,10995,8050,18595,38800,35795"
10,backward,unrestricted,1,16,7,0,4,0.5214652403016165,"34540,55385,30120,41020,3600,53500,59800,41235,54450,16650,24680,35840,5765,19550,12735,22025"
10,backward,clean_crossing,1,16,9,16,16,0.3096063826883008,"11275,9615,31795,43115,55015,35785,54360,36795,18605,48110,27995,37580,49095,47885,11000,44675"
11,forward,unrestricted,1,16,9,0,4,0.6099200825795337,"44100,24510,16290,52500,30075,11230,7245,12855,56130,19090,36690,30945,18290,8275,59610,4480"
11,forward,clean_crossing,1,16,9,16,16,0.30440560206934786,"53350,24295,56595,39115,9505,47440,9855,13435,20575,18630,37580,28845,44680,32540,50225,47860"
11,backward,unrestricted,-1,16,7,0,3,0.5920597021892727,"33070,29065,38955,11210,54415,57305,3580,14670,59600,41040,7205,55365,32110,59250,48430,2870"
11,backward,clean_crossing,-1,16,8,16,16,0.3100577476836516,"45835,29865,25075,25335,20585,47465,43245,24305,55930,2130,53360,58945,8060,35785,37585,50265"
12,forward,unrestricted,-1,16,7,0,5,0.6051772281760899,"33065,59615,25930,41195,15960,30080,26285,52165,59805,3635,29725,55335,11155,1165,54925,22670"
12,forward,clean_crossing,-1,16,10,16,16,0.2988475085874974,"18255,31810,18605,50230,47445,45615,25350,7095,56600,10980,13420,41435,32330,9855,32525,43785"
12,backward,unrestricted,1,16,8,0,2,0.4571888175723316,"31750,8110,33075,405,54420,42240,52515,4185,36685,50665,11195,24375,57310,14245,48435,33810"
12,backward,clean_crossing,1,16,8,16,16,0.3064635150614612,"8065,24310,18430,50565,31100,43250,39085,18600,2115,41430,38800,56595,45840,20585,31785,50250"
13,forward,unrestricted,-1,16,9,0,3,0.5554686796721957,"130,57465,56720,34425,32145,21700,52110,23900,36700,58140,5470,17675,8935,38875,11200,28960"
13,forward,clean_crossing,-1,16,5,16,16,0.292024084147822,"47840,32330,25340,57600,24325,9865,58950,51300,47470,43805,12155,18615,31800,39090,41415,7470"
13,backward,unrestricted,1,16,6,0,2,0.5540032569409462,"4305,41010,19090,17715,52470,12745,58145,44105,4795,59610,22475,52890,135,44855,47980,39425"
13,backward,clean_crossing,1,16,11,16,16,0.31470471607020417,"24300,6665,4230,31090,18610,4005,9625,41420,31795,45830,9860,43810,2105,54995,20580,55930"
14,forward,unrestricted,1,16,4,0,3,0.5973269417542119,"52495,11995,33080,7240,52915,23285,59780,11175,125,45110,47995,7935,58735,40980,34655,1475"
14,forward,clean_crossing,1,16,8,16,16,0.3115217650363601,"2095,31795,7445,54400,43125,53370,28025,18625,29975,51315,43780,39090,47855,43235,58945,31280"
14,backward,unrestricted,-1,16,10,0,4,0.579822745000227,"21945,44980,5330,16400,22675,4465,59620,54500,29285,110,40645,17700,58130,33605,31780,36525"
14,backward,clean_crossing,-1,16,6,16,16,0.32089609690834153,"11280,39105,6660,25330,29980,37565,3380,35790,44645,38810,56605,18630,8060,12980,31265,18235"
15,forward,unrestricted,-1,16,9,1,4,0.5157143145395654,"5075,41015,41415,15425,57245,59605,21675,38450,2665,52485,55345,0,51000,24495,5705,39430"
15,forward,clean_crossing,-1,16,8,16,16,0.30797719952126207,"41415,50215,50560,25075,25315,18235,31260,20575,8060,35795,6660,24300,47455,12155,58935,4225"
15,backward,unrestricted,1,16,11,0,1,0.48792123994325143,"49640,57450,33820,50720,34520,36695,31760,12000,47990,30105,52920,24385,22945,7340,50855,8705"
15,backward,clean_crossing,1,16,7,16,16,0.2873419211751689,"25345,47835,36765,18250,18620,50575,28825,8055,31815,41440,45620,39095,24320,50235,58955,53375"
16,forward,unrestricted,1,16,6,1,2,0.4873397766978652,"34560,18120,5080,33085,28995,52565,57480,50575,4780,25375,11170,38550,27760,23280,37420,44375"
16,forward,clean_crossing,1,16,11,16,16,0.30093918803597575,"50575,31790,11290,21555,18235,25320,57805,43120,50220,54395,43260,24305,44805,4010,50905,2110"
16,backward,unrestricted,-1,16,8,0,2,0.5938012198915683,"2245,29595,11185,16660,59115,32805,40640,41400,9780,48075,52305,40990,11980,33430,4765,24580"
16,backward,clean_crossing,-1,16,9,16,16,0.31965567721881477,"45830,31785,5950,48610,8055,29965,6655,47840,50555,38805,3375,25325,54390,7455,4220,36790"
17,forward,unrestricted,-1,16,8,0,3,0.5257453129854385,"5335,42260,57230,17105,9655,35830,23300,22955,59210,24350,7235,52535,11990,630,8635,49150"
17,forward,clean_crossing,-1,16,10,16,16,0.3008923332480481,"47875,18260,9870,45845,11500,53365,24325,32515,56625,54395,25315,32330,7070,29970,50575,28020"
17,backward,unrestricted,1,16,10,1,4,0.4951435801755614,"23290,59785,47365,58745,45590,40985,20495,59190,11975,52635,10630,19805,53995,49625,38860,9235"
17,backward,clean_crossing,1,16,7,16,16,0.2913077812631642,"10630,47865,41420,24310,47480,43265,8055,20580,10995,18245,50560,44685,45830,55930,31265,18605"
18,forward,unrestricted,1,16,8,1,1,0.6368598373916823,"24575,57235,33220,50210,11920,51680,39420,5340,41005,2995,52540,21540,17645,2215,33915,40530"
18,forward,clean_crossing,1,16,8,16,16,0.31309332277135815,"21540,58930,3370,53345,32335,32520,10985,2100,4220,18630,24290,13435,45505,36795,55010,9860"
18,backward,unrestricted,-1,16,9,0,2,0.5372174110463357,"23295,52560,34415,12885,25370,11140,48055,38865,57000,2305,40990,46340,51015,32225,38545,42285"
18,backward,clean_crossing,-1,16,6,16,16,0.3102718400678092,"50570,7095,43270,20590,47870,56610,2130,37565,43780,11285,41435,57800,18255,38805,31105,24310"
19,forward,unrestricted,1,16,4,1,1,0.5716767913886777,"55655,24530,31230,35210,41420,5805,25945,30920,11205,23630,33305,7395,19130,58810,41050,26945"
19,forward,clean_crossing,1,16,8,16,16,0.3020095522933499,"41420,2140,47835,10625,25330,8050,38810,5945,49105,58965,11275,32500,4020,3510,36775,43810"
19,backward,unrestricted,-1,16,8,0,3,0.6154017757574062,"19085,29660,55710,58390,51865,8920,33190,8030,23330,52530,41025,10590,35340,36270,15140,47290"
19,backward,clean_crossing,-1,16,10,16,16,0.3144726569323968,"43110,47450,48590,21555,50565,4235,9865,39110,45510,50225,18610,24295,55015,29850,2105,25090"
20,forward,unrestricted,1,16,5,1,3,0.5150091869130479,"55895,30930,54975,2580,58890,8940,19250,53875,49650,14860,26975,7895,48445,45610,57105,44820"
20,forward,clean_crossing,1,16,9,16,16,0.298747352955228,"44820,18605,11500,32330,18430,10985,55930,45615,32505,36785,58950,43120,55000,43260,50250,51290"
20,backward,unrestricted,-1,16,7,0,1,0.6342773499056042,"23080,14725,30450,46575,51485,16390,34940,20140,51875,17790,55615,57240,58440,44180,14545,44490"
20,backward,clean_crossing,-1,16,9,16,16,0.30091168509142613,"37575,57575,25100,35785,31095,2095,28005,11290,29965,25340,9210,43780,47875,38800,55050,20575"
21,forward,unrestricted,-1,16,5,2,2,0.5748100829911066,"18260,5345,31740,7390,39285,25900,7045,29560,8615,23620,17455,23275,12910,24325,59595,50800"
21,forward,clean_crossing,-1,16,8,16,16,0.3180510150351031,"18260,24325,50585,38795,20570,49100,11285,7075,2140,14090,29860,47885,7450,3510,25325,47450"
21,backward,unrestricted,1,16,13,0,2,0.5782987245312894,"52530,15950,23325,26635,24505,38150,2720,47050,29545,41075,11215,48080,18505,5360,31135,25855"
21,backward,clean_crossing,1,16,9,16,16,0.3100071247608602,"7090,11005,9215,18250,38810,25310,25080,45505,32325,49115,24315,9870,14075,2100,4000,11275"
22,forward,unrestricted,-1,16,7,1,4,0.5033819912573521,"5795,53105,44165,19115,8850,33380,16395,11195,11925,43720,48090,38095,5080,55255,25085,23085"
22,forward,clean_crossing,-1,16,9,16,16,0.3105987428883359,"25085,11280,2130,43260,20825,31110,49115,28850,47475,37585,47880,38790,56605,25350,57560,12150"
22,backward,unrestricted,1,16,10,0,3,0.47855954750723373,"48475,5915,45005,7705,10595,24155,44210,39605,23810,19100,19585,45790,41305,10175,11820,30955"
22,backward,clean_crossing,1,16,8,16,16,0.29810751117419454,"55005,43125,50905,58935,9210,42020,21540,18615,9870,43245,32315,11000,31805,3360,9325,2095"
23,forward,unrestricted,-1,16,10,0,1,0.6368688959234707,"54935,17100,57945,52860,23655,8820,17895,40970,18005,45605,55290,29300,12310,58390,58700,8585"
23,forward,clean_crossing,-1,16,11,16,16,0.3055200214721262,"35805,44695,55050,18250,45840,44815,50905,43115,9215,29980,18615,9330,54390,8060,21550,38800"
23,backward,unrestricted,1,16,10,0,2,0.5878772836289173,"51870,15120,11205,31680,19830,45000,42965,18125,29585,43330,33370,38070,7315,50820,26210,17600"
23,backward,clean_crossing,1,16,10,16,16,0.2945191217223887,"25090,55045,43240,36770,57575,25350,44680,3370,18630,9205,50225,58970,37585,39105,43790,35780"
24,forward,unrestricted,1,16,8,0,6,0.4570698371349176,"23265,13200,27605,51135,32610,23650,51380,17710,46110,55900,10750,3545,53845,10,34735,8600"
24,forward,clean_crossing,1,16,14,16,16,0.3027413713311583,"41425,2135,57805,35800,25305,4230,38795,29975,10975,18595,32505,51300,37570,49110,8055,56595"
24,backward,unrestricted,-1,16,8,3,9,0.4458443423238145,"23345,36765,19825,48045,16150,5460,44005,31260,8035,6690,59260,27295,46480,9500,23070,12945"
24,backward,clean_crossing,-1,16,8,16,16,0.29930969616156294,"36765,31260,9500,43790,9860,18625,47455,2100,25330,57595,43120,29980,43235,38800,9200,10995"
25,forward,unrestricted,-1,16,7,0,4,0.459231726235634,"30190,26760,42470,34075,5085,52660,38775,59645,2380,41320,35565,12925,44950,53160,40980,4830"
25,forward,clean_crossing,-1,16,7,16,16,0.2993935619121143,"31080,24320,32510,50545,25095,7450,47440,5950,18610,35780,43255,57600,50230,55015,44695,18240"
25,backward,unrestricted,1,16,9,0,1,0.584501057902052,"17755,41310,53720,27310,13630,12495,24160,45460,21430,17075,17385,7360,30730,36340,16595,55185"
25,backward,clean_crossing,1,16,8,16,16,0.3006189414864025,"18620,56615,20825,21550,32320,58960,24315,25100,50575,50910,4000,44690,38805,9855,28835,48600"
26,forward,unrestricted,-1,16,9,1,3,0.5399644141072186,"48575,36325,5780,49190,57085,32675,13575,38690,47855,215,36610,52910,12945,32010,29535,18650"
26,forward,clean_crossing,-1,16,11,16,16,0.3172261753998897,"47855,55020,51295,24325,2130,47475,28855,54385,7110,18255,43780,35800,25310,53350,37575,44645"
26,backward,unrestricted,1,16,8,0,1,0.5440521623394252,"12900,36290,58410,9140,49195,58065,18025,13580,48580,26655,46645,20370,14550,46130,1850,42190"
26,backward,clean_crossing,1,16,11,16,16,0.3071111604186888,"18625,9495,21555,55025,3365,47450,58965,7465,2095,48600,31795,47860,50555,6655,55930,12255"
27,forward,unrestricted,1,16,8,0,3,0.5125456635198816,"52520,27315,32665,12935,17695,14410,21435,19885,24165,26755,28685,48545,16275,42910,51405,27780"
27,forward,clean_crossing,1,16,9,16,16,0.31811804387343795,"25105,3360,50915,13405,32325,18235,48110,7105,9860,50265,24320,51305,47865,55000,8055,5950"
27,backward,unrestricted,-1,16,9,0,4,0.4677352716322188,"34385,4835,17595,52665,37770,41165,6595,6330,12930,46655,51905,30195,1075,6715,59650,15105"
27,backward,clean_crossing,-1,16,12,16,16,0.3027887897383951,"51310,48590,31085,47470,25305,39115,7455,18615,48115,9205,58955,45510,44660,28020,8050,25075"
28,forward,unrestricted,1,16,7,1,5,0.5739622617378386,"6155,3175,59630,30140,52670,9740,24365,41305,3810,58025,12490,16180,26770,58630,25330,52140"
28,forward,clean_crossing,1,16,9,16,16,0.31346763350354356,"25330,8055,2135,20575,51315,20820,56605,31110,44685,18250,32520,32315,4000,47450,44820,48615"
28,backward,unrestricted,-1,16,6,0,5,0.4851152684945806,"38770,45345,6370,58725,59260,47140,11220,46490,50325,35850,8685,3205,6145,31305,15030,41950"
28,backward,clean_crossing,-1,16,11,16,16,0.31290741617384304,"3365,25345,55930,47460,6665,56625,24325,58970,50565,28845,7470,8060,41435,43780,55010,31095"
29,forward,unrestricted,-1,16,6,2,5,0.5260328995857309,"3310,12895,43770,43390,37865,50555,5700,58095,7320,47740,5950,6185,9830,52450,35825,26880"
29,forward,clean_crossing,-1,16,7,16,16,0.3112758601381159,"50555,5950,4225,56600,57565,11280,9325,55005,25115,3500,51295,31795,24300,39090,7475,12265"
29,backward,unrestricted,1,16,3,0,4,0.5907475053077541,"38755,6130,51665,25455,48270,51410,16375,43395,11960,11200,34340,33725,20180,25770,8170,3585"
29,backward,clean_crossing,1,16,7,16,16,0.3206875404497554,"43125,4220,21540,3505,10990,25320,47440,38805,18250,31075,54995,11285,56615,31785,9860,13420"
30,forward,unrestricted,1,16,10,0,1,0.5782558747593911,"6125,49180,41570,43405,12340,59445,29575,8170,15110,26200,6385,14880,15690,58705,38515,8960"
30,forward,clean_crossing,1,16,9,16,16,0.30254920832515797,"45510,4215,9495,28825,55015,57565,20815,56615,47465,21550,58950,43255,20585,44815,10995,25305"
30,backward,unrestricted,-1,16,9,1,3,0.572673541847122,"57235,43410,27310,18700,26505,12395,53350,16385,46180,34425,30180,51400,4755,27600,11935,36750"
30,backward,clean_crossing,-1,16,7,16,16,0.32642380017682116,"53350,35795,56620,38790,2140,43105,54390,7105,31100,31785,3355,9615,48115,24320,49100,4210"
31,forward,unrestricted,-1,16,11,1,5,0.4905302577432393,"3315,5320,415,6100,52455,9675,52260,27720,38070,58305,57800,7325,11040,42215,23360,52090"
31,forward,clean_crossing,-1,16,7,16,16,0.3179944661658505,"57800,48605,56605,29860,38795,18245,31075,9330,7450,50250,50560,57570,12150,32530,53345,41430"
31,backward,unrestricted,1,16,5,1,6,0.527815185697351,"6135,27305,12465,45490,44525,11205,40755,33730,38760,43400,21545,19900,39825,28435,8430,34370"
31,backward,clean_crossing,1,16,8,16,16,0.3131501514241408,"21545,7070,43780,45835,38810,32535,11290,10975,4225,31080,55015,56620,57560,57805,32340,9865"
32,forward,unrestricted,-1,16,8,0,3,0.5374632143485794,"59630,44110,25445,20170,54145,20355,11925,55585,38510,24335,52145,16365,34410,25970,3680,48105"
32,forward,clean_crossing,-1,16,6,16,16,0.30339343450836714,"56610,57585,44690,43115,20580,10975,18250,9490,4025,29970,25335,28000,14080,13415,11275,31090"
32,backward,unrestricted,1,16,7,1,3,0.5686753550722814,"9795,19955,32540,48025,44095,6370,38520,23040,59640,27310,11910,48810,33600,27195,57555,58540"
32,backward,clean_crossing,1,16,5,16,16,0.29481909539522777,"32540,18235,55005,43810,18595,4225,25340,50220,9870,56595,2105,20830,43125,37575,31070,9615"
33,forward,unrestricted,-1,16,8,0,3,0.4705011518149102,"7255,40600,23275,41135,22640,45530,23550,40955,1445,29725,14450,2210,41300,38575,46870,7975"
33,forward,clean_crossing,-1,16,9,16,16,0.30434812341381323,"50915,10995,41425,54390,36795,35805,43785,20815,53360,48610,58970,55020,47855,3495,8050,43250"
33,backward,unrestricted,1,16,5,1,3,0.5965377104188351,"20175,26105,9710,56300,40530,14705,15390,55510,29125,59660,23055,56680,55665,48605,53185,27335"
33,backward,clean_crossing,1,16,10,16,16,0.31648255388695967,"48605,11280,44825,50560,36770,58965,55025,29970,56610,39100,43120,55930,54380,3360,11005,2105"
34,forward,unrestricted,-1,16,7,1,4,0.5500775106560565,"51810,47375,52925,59625,11185,45035,28275,38555,20165,28565,34395,57785,50910,25460,9020,6345"
34,forward,clean_crossing,-1,16,11,16,16,0.3116652796785173,"50910,25305,56600,11005,25095,47475,28850,18240,55015,12290,18630,8050,13415,47880,12135,58950"
34,backward,unrestricted,1,16,6,1,4,0.5589050241954162,"59660,14580,56150,5815,3295,8320,45300,6365,41290,10980,19280,30020,21195,47360,22885,29450"
34,backward,clean_crossing,1,16,12,16,16,0.29255870045041443,"10980,18620,25120,50570,43115,55020,7460,25340,9870,48115,9195,3360,47845,43805,48615,9495"
35,forward,unrestricted,1,16,7,2,5,0.3468931825040683,"42760,47580,38750,56710,51660,41905,4415,38095,52890,50075,18105,42010,41530,51880,31800,10985"
35,forward,clean_crossing,1,16,7,16,16,0.31586447967986375,"31800,10985,45505,5950,50545,54390,9215,32540,39080,18245,54995,25315,9495,7480,24315,31265"
35,backward,unrestricted,-1,16,8,0,2,0.5513422532552068,"58775,5870,51655,52830,17545,37860,3305,34580,30505,13000,42215,48425,16705,49875,32545,41610"
35,backward,clean_crossing,-1,16,7,16,16,0.32252615316093586,"5945,45510,50550,9870,32520,10980,36775,54395,2135,18240,13405,29980,48605,57560,3495,50245"
36,forward,unrestricted,-1,16,7,3,6,0.5112283309282819,"33325,22895,48535,25245,30620,24310,56585,2110,25080,52535,31065,21110,17475,40590,58305,13595"
36,forward,clean_crossing,-1,16,9,16,16,0.30004585548138274,"24310,2110,25080,20820,45840,18625,3495,54350,11000,39115,47875,9630,55930,50580,9505,11275"
36,backward,unrestricted,1,16,10,2,5,0.4385992098377388,"21370,51405,9760,15945,22665,45500,21955,3255,57590,48110,14120,10840,6150,13560,8095,15080"
36,backward,clean_crossing,1,16,10,16,16,0.3030849599796651,"57590,48110,53355,35805,55005,18610,43110,44805,54390,31080,18250,25115,58940,12145,43810,42020"
37,forward,unrestricted,1,16,8,1,4,0.5088433181450656,"24620,12920,59635,36605,18255,48275,3560,27490,54870,55320,45480,20855,20975,51255,20605,14555"
37,forward,clean_crossing,1,16,10,16,16,0.31380063563278815,"18255,9865,38805,28005,50900,20825,12280,4235,43120,56615,54400,32315,25315,48110,43805,32535"
37,backward,unrestricted,-1,16,6,1,3,0.4320153528147833,"44160,11270,48100,57430,45285,54140,57205,55010,32470,58425,13615,51510,43945,34390,28385,18185"
37,backward,clean_crossing,-1,16,8,16,16,0.30819674616444537,"55010,31810,56595,57580,4015,25345,32340,14070,58940,32540,39090,47850,13415,4230,12265,38790"
38,forward,unrestricted,-1,16,8,0,3,0.4699401616681904,"11270,3565,25240,33285,4565,41625,57510,45485,8205,59580,12740,21535,6495,11995,35320,34305"
38,forward,clean_crossing,-1,16,8,16,16,0.3043648307991925,"25325,48115,3360,9490,18260,54995,50910,12155,57595,14095,2135,8060,9325,3500,43810,10985"
38,backward,unrestricted,1,16,6,0,4,0.5203966273603261,"12890,52850,59825,17540,55520,33450,41150,24590,51250,47155,26155,39365,45605,39030,55935,45495"
38,backward,clean_crossing,1,16,8,16,16,0.30214277464556655,"2115,4020,8055,50240,25335,31815,18630,57590,29850,54760,48615,43245,50570,12135,43125,54380"
39,forward,unrestricted,1,16,10,1,3,0.5066808571710991,"3600,20165,59395,18190,32685,59140,36150,52675,52485,16180,37040,43235,11325,19965,3290,21765"
39,forward,clean_crossing,1,16,8,16,16,0.3055901256782803,"43235,9200,2130,47445,36795,54995,10625,50550,24300,25085,44815,28030,11000,31805,25320,18615"
39,backward,unrestricted,-1,16,8,0,4,0.44764039840005326,"46410,26150,21745,52545,13180,59020,19640,27045,35365,49460,5860,7250,48900,35890,33990,21145"
39,backward,clean_crossing,-1,16,5,16,16,0.29552125351117164,"4215,2125,12150,28840,36780,55035,24320,9325,50215,54385,56620,32510,11285,43120,29970,43240"
40,forward,unrestricted,-1,16,10,0,1,0.4718161068936412,"33295,24360,35185,40665,2190,46100,33130,45030,9530,38550,4860,13535,5255,51805,56285,58490"
40,forward,clean_crossing,-1,16,9,16,16,0.30443153439018755,"53375,37585,48600,9200,11495,43260,54395,58945,29965,28845,50905,2130,55010,39110,32325,25325"
40,backward,unrestricted,1,16,6,0,4,0.5685699158529888,"23060,51480,5105,43420,48070,37725,32105,52115,2765,26900,19145,5810,3950,54730,26780,57160"
40,backward,clean_crossing,1,16,10,16,16,0.3238377423518498,"58955,18630,12280,50565,9490,31075,25340,37570,31275,11285,25075,43800,55005,28025,54385,48595"
41,forward,unrestricted,1,16,8,1,4,0.49592174665008565,"41060,26935,58975,17900,40595,38800,24635,16420,57530,20810,15365,1870,7240,23685,18280,50665"
41,forward,clean_crossing,1,16,11,16,16,0.2984823061221181,"38800,11005,20830,58955,51300,47860,21555,18250,2090,36785,25315,13415,54385,41415,55025,45845"
41,backward,unrestricted,-1,16,6,1,4,0.48616604913633565,"36940,5770,34025,17375,5095,53190,23145,52810,47030,51845,37990,12800,58760,54400,20,32765"
41,backward,clean_crossing,-1,16,8,16,16,0.32088721681106747,"54400,49095,18255,45505,12155,3355,29965,56615,9625,44820,31085,31265,28015,14100,57565,37585"
42,forward,unrestricted,1,16,11,1,4,0.5247271169651099,"33020,57535,47010,34460,25340,13465,45915,17655,25690,52855,21520,12895,21120,43375,44190,59880"
42,forward,clean_crossing,1,16,9,16,16,0.3113901188092508,"25340,39090,4010,44675,28850,12290,50905,38795,51305,53370,56595,37570,55030,2120,9490,50540"
42,backward,unrestricted,-1,16,6,2,5,0.4531621757330707,"22520,57230,37920,23260,11260,8280,4675,49955,9770,8065,44120,57470,53525,9535,18260,22620"
42,backward,clean_crossing,-1,16,9,16,16,0.3146919129988271,"8065,18260,31095,2130,25305,47440,53365,57600,48600,45510,31800,32515,24290,6665,44645,57800"
43,forward,unrestricted,-1,16,10,0,3,0.5259060585772476,"42300,3200,57175,18285,5765,24015,38930,50925,440,8240,43375,49770,40765,45010,38230,26715"
43,forward,clean_crossing,-1,16,9,16,16,0.2961801364604687,"24325,2095,47440,35785,55015,18615,45840,47850,43260,10990,20815,44650,58965,41435,56605,48620"
43,backward,unrestricted,1,16,8,1,4,0.5089052459717427,"22990,3350,52330,2560,11280,9515,51250,8115,6715,45310,40515,8770,38025,23775,5480,59630"
43,backward,clean_crossing,1,16,9,16,16,0.311670942867699,"11280,18245,18625,37570,29860,57585,9865,55000,24315,43800,47450,43115,50265,41425,54355,4210"
44,forward,unrestricted,1,16,13,0,2,0.4914757328690206,"5770,43390,1855,51320,58565,44425,57185,26130,40775,28405,41245,42510,19850,46440,16380,1600"
44,forward,clean_crossing,1,16,9,16,16,0.292097218555458,"43235,2120,25075,48110,10980,49105,28830,54390,32515,3370,58960,20820,41425,25320,9615,9500"
44,backward,unrestricted,-1,16,8,0,3,0.5130377409955269,"11190,52860,5560,26135,22000,20205,16410,9520,10465,17360,4310,13350,33275,19050,46530,32680"
44,backward,clean_crossing,-1,16,7,16,16,0.31342941368374455,"2125,25080,42020,18615,9330,32520,24320,51315,3375,43120,18430,31260,50550,14085,9505,10995"
45,forward,unrestricted,1,16,10,0,2,0.45196959111929225,"36270,37135,12330,47265,42885,19690,55120,49215,21730,12730,49960,34480,6675,10400,54990,15090"
45,forward,clean_crossing,1,16,10,16,16,0.3093674610492382,"54760,32340,7070,10990,47480,2125,50265,53375,57805,9195,12275,4235,45505,51305,9855,25325"
45,backward,unrestricted,-1,16,9,0,2,0.5764201130721955,"33885,23960,8575,20400,25920,58690,43745,57155,47315,30270,49635,615,51275,3675,29525,42355"
45,backward,clean_crossing,-1,16,9,16,16,0.3124396451804125,"31270,11500,31085,55040,43105,28850,9505,36770,7100,44685,54400,10980,58950,51315,31800,6660"
46,forward,unrestricted,1,16,5,0,4,0.5190889964578885,"5425,6670,43385,2285,12725,38705,19760,49210,34175,45850,22890,52660,9780,20460,24605,21275"
46,forward,clean_crossing,1,16,9,16,16,0.2858961579357905,"41440,3495,32335,20815,25305,11275,2115,57575,18240,24295,47445,10630,39110,7085,18625,9505"
46,backward,unrestricted,-1,16,6,1,4,0.38839829916669855,"38710,8255,23955,9500,21525,55500,52495,55695,34420,28470,45955,4380,5025,52830,47545,41720"
46,backward,clean_crossing,-1,16,9,16,16,0.30434532716221263,"9500,18250,18610,50565,6655,36765,47840,25310,11280,9855,12255,3370,57570,20830,58950,9325"
47,forward,unrestricted,-1,16,6,0,5,0.5598217101860075,"58725,19770,15070,51890,12420,36760,7285,32135,55360,30175,19105,33565,34530,55505,14610,53015"
47,forward,clean_crossing,-1,16,12,16,16,0.31326179470250237,"51310,56595,24315,6655,2110,11005,47870,29965,32530,8050,54355,14075,18610,20825,44680,9505"
47,backward,unrestricted,1,16,11,1,3,0.5350871621534271,"205,9785,25875,43760,22725,54170,8165,43135,46500,58395,40545,30670,14550,8590,52545,2120"
47,backward,clean_crossing,1,16,8,16,16,0.297774696064172,"2120,18605,9195,25310,31105,58945,55040,4000,10985,4210,50260,48595,53370,57570,32525,35780"
48,forward,unrestricted,1,16,9,1,7,0.45635392110524003,"58970,11045,6175,35830,2640,17205,37125,19895,34130,12065,55670,35515,39570,45350,42890,11435"
48,forward,clean_crossing,1,16,7,16,16,0.3005252537888893,"58970,9860,31100,43800,10990,3500,18235,38795,36780,44655,55035,51310,32315,32520,2125,9490"
48,backward,unrestricted,-1,16,7,0,4,0.5279001421079595,"32760,45320,2360,57255,22045,16315,49020,57145,34365,47260,38055,11225,37760,19320,47420,45180"
48,backward,clean_crossing,-1,16,6,16,16,0.32570210620743456,"56600,7105,51315,54385,47465,2135,25320,57800,50215,27995,3355,24320,7460,20570,55015,42020"
49,forward,unrestricted,1,16,8,0,4,0.3719825044286025,"32745,29535,50150,34420,49065,32375,10730,11295,56310,315,50745,44870,45930,22730,6605,30205"
49,forward,clean_crossing,1,16,5,16,16,0.2949870456560785,"55000,45830,53345,32315,36780,32540,50905,48615,48110,50580,9200,12980,2100,43235,44675,10630"
49,backward,unrestricted,-1,16,9,0,7,0.46838845413694974,"51470,36560,30545,54225,35585,48285,34050,37055,2350,24105,55840,28515,11755,21130,6560,15010"
49,backward,clean_crossing,-1,16,9,16,16,0.31922144368904015,"2090,14090,3380,11275,36785,32335,11000,35805,32535,57560,25325,27995,50915,7440,55010,50225"
50,forward,unrestricted,-1,16,7,0,1,0.5777114343367604,"590,51555,11880,12750,27735,50455,34390,14945,3330,30240,38190,23580,25280,47950,24855,23930"
50,forward,clean_crossing,-1,16,6,16,16,0.30701257706741825,"11280,56595,41425,55010,31075,2090,14080,31815,47450,28835,7090,58930,57800,45840,18625,25090"
50,backward,unrestricted,1,16,7,0,4,0.47055392495953685,"19755,27050,51445,24485,43200,54960,5125,55835,54405,3965,40970,50735,44940,620,16295,18220"
50,backward,clean_crossing,1,16,11,16,16,0.2997037873095403,"25100,31805,18260,57595,14085,50585,48605,7440,9855,18620,3505,50230,48110,58955,4210,36780"
51,forward,unrestricted,1,16,9,2,7,0.4281477243093934,"37885,31750,25335,3335,55325,24505,51315,1095,22015,22940,17715,38510,26625,10535,4190,5835"
51,forward,clean_crossing,1,16,15,16,16,0.3188801061629635,"25335,51315,10995,32525,12270,35795,18620,11495,50900,44815,24305,18240,28855,3380,20830,38790"
51,backward,unrestricted,-1,16,9,1,3,0.5503449757971247,"48565,43695,27320,24710,6690,26930,9030,37485,47435,55425,39100,7380,28395,26690,17020,33465"
51,backward,clean_crossing,-1,16,12,16,16,0.29613100136123377,"39100,47460,25105,8050,50235,49095,58955,29850,54400,41440,31275,44675,43805,53360,4010,45835"
52,forward,unrestricted,-1,16,12,1,2,0.5949062624028492,"48750,17645,19950,36575,15360,2225,29495,55,3580,56980,26730,8360,56665,25315,8075,22955"
52,forward,clean_crossing,-1,16,10,16,16,0.29440741748663213,"25315,28830,18610,9200,11495,11000,9860,48620,38795,50900,44810,50260,57600,43120,56595,7455"
52,backward,unrestricted,1,16,8,0,1,0.5918607583352029,"15430,37835,34535,15730,20975,56975,43340,58730,55960,10935,33690,52570,57155,8145,45020,13625"
52,backward,clean_crossing,1,16,10,16,16,0.2912324777062929,"8055,47465,57590,31095,31260,49100,25120,36765,20820,25325,3495,9855,53365,54395,3360,39105"
53,forward,unrestricted,1,16,8,0,4,0.5067335080961216,"21945,26080,48095,41495,4305,38330,30035,21820,51690,51505,44315,19575,3390,31640,16970,5075"
53,forward,clean_crossing,1,16,8,16,16,0.30925604089927516,"29975,50255,6655,43110,11290,58950,48600,2110,36775,56615,43790,28825,35785,38795,50580,44810"
53,backward,unrestricted,-1,16,6,1,5,0.5105807196927048,"55495,35765,35330,23235,9495,8780,21010,24390,48070,26695,34375,51360,18565,17425,29245,38920"
53,backward,clean_crossing,-1,16,9,16,16,0.29046636775082524,"9495,54995,47460,4210,25090,2115,31810,44655,58955,20815,25345,47835,7070,36795,9325,32330"
54,forward,unrestricted,-1,16,6,0,2,0.561096026593663,"52685,58300,38050,8575,6215,9530,25720,33190,16210,6500,54570,34465,17310,59645,48770,40575"
54,forward,clean_crossing,-1,16,12,16,16,0.3123078956501376,"56610,9625,50910,13430,18240,58945,57595,11495,55005,50245,7110,28855,39105,8060,18600,54760"
54,backward,unrestricted,1,16,11,0,3,0.5559798753214473,"31490,55680,58480,19765,55985,54145,12400,845,21095,57985,17420,37225,33265,52665,36215,17220"
54,backward,clean_crossing,1,16,9,16,16,0.29228989818457146,"11000,9505,31815,57575,39080,44650,58960,24300,25105,50905,50580,20815,43235,50215,36770,35785"
55,forward,unrestricted,1,16,10,1,6,0.5501575295244645,"370,2735,15990,24510,25330,56100,57795,40565,41860,12745,19245,32945,8825,16210,12935,23805"
55,forward,clean_crossing,1,16,8,16,16,0.3059030936415783,"25330,10980,56615,54995,41420,57565,4000,31795,18620,9210,54350,32315,32510,2115,18245,6665"
55,backward,unrestricted,-1,16,8,0,4,0.4816918378987293,"28390,10715,47305,6380,13955,55990,44035,5820,53995,18160,15020,48555,7955,19635,36570,23585"
55,backward,clean_crossing,-1,16,8,16,16,0.3074576883748736,"54400,18255,10975,41430,11285,37580,2120,24305,50910,18615,3355,47465,12145,31800,55035,36785"
56,forward,unrestricted,1,16,10,2,6,0.5021009170701924,"16395,34360,6360,48055,51155,23020,51905,46540,55900,2090,17485,8430,25705,55590,25075,58480"
56,forward,clean_crossing,1,16,8,16,16,0.311866624340723,"2090,25075,38810,54370,24320,31280,45510,3380,39105,7445,58950,31070,18250,44815,9325,4010"
56,backward,unrestricted,-1,16,8,0,4,0.43761107405512345,"8785,320,16665,10320,48585,52650,44410,32130,10550,29410,46845,27030,49620,59080,35835,22745"
56,backward,clean_crossing,-1,16,8,16,16,0.31750155169855976,"43245,49115,48595,11275,4235,9330,43110,24310,57585,9500,2130,20825,25095,7475,25350,51305"
57,forward,unrestricted,-1,16,8,0,6,0.4426980877888754,"51920,2925,55350,6610,23250,22500,30625,4385,15490,33400,39760,8870,21520,45565,28500,41800"
57,forward,clean_crossing,-1,16,10,16,16,0.29977241552468215,"51305,9495,28020,35790,12260,32535,50585,58945,12980,43240,2105,7100,3495,9325,25105,44815"
57,backward,unrestricted,1,16,6,0,3,0.4855996111522058,"57120,25715,21895,23575,36600,29060,34530,2240,4880,44080,15560,58420,18300,7505,57480,25230"
57,backward,clean_crossing,1,16,9,16,16,0.3200597801771873,"18260,45845,58960,44825,8055,4020,35800,29855,25330,25085,54390,31080,45510,2110,55040,7455"
58,forward,unrestricted,-1,16,9,1,4,0.5568579432998455,"51020,15925,11285,22440,49145,21700,58580,52585,34165,4060,45380,8755,8400,14690,16390,58465"
58,forward,clean_crossing,-1,16,10,16,16,0.32054513668663914,"11285,4025,25335,35805,2120,25100,43115,44670,20830,38790,8060,56635,18610,18250,31795,43270"
58,backward,unrestricted,1,16,9,0,4,0.5727453375254166,"40560,8635,51265,45365,5075,10960,54615,51450,45535,35365,23360,36575,25920,5395,27435,52445"
58,backward,clean_crossing,1,16,12,16,16,0.3262810956900902,"47440,32315,18235,11495,45510,4000,43105,49095,55000,50550,25080,57585,9865,51310,24295,31790"
59,forward,unrestricted,1,16,9,2,3,0.6333415698152794,"29485,26715,26855,58700,17130,50885,36480,13245,7445,40310,14295,8065,43450,11245,23970,17635"
59,forward,clean_crossing,1,16,8,16,16,0.29559646804439915,"7445,8065,50250,11285,7075,48625,50570,35790,37570,42020,9630,25320,55045,43125,31810,45835"
59,backward,unrestricted,-1,16,8,2,3,0.5331040472055084,"26180,21725,27755,49755,9695,47455,40290,14490,16165,40785,13925,31545,15675,8150,46415,9490"
59,backward,clean_crossing,-1,16,9,16,16,0.30032368465587045,"47455,9490,57580,53345,50560,11275,2090,45615,14070,28840,43245,7085,56605,48590,24290,39115"
60,forward,unrestricted,-1,16,10,0,4,0.5255172184853889,"12715,8215,38115,23100,35315,41260,33255,46565,41100,29885,56965,7160,47190,17595,2255,52975"
60,forward,clean_crossing,-1,16,5,16,16,0.30007587758757825,"31805,9495,32510,31265,47480,2135,20585,36775,57565,4210,5945,18255,45510,44685,28030,3380"
60,backward,unrestricted,1,16,6,0,3,0.5835269462476294,"5840,22700,2185,4840,21710,180,20455,11235,44070,5,13640,58745,36590,5240,40785,13235"
60,backward,clean_crossing,1,16,9,16,16,0.288950382316718,"31815,11500,49110,48115,55035,9620,53365,9330,3375,51290,7105,48615,9500,18250,50235,31110"
61,forward,unrestricted,1,16,8,0,2,0.48891496765246506,"56575,5830,45455,21095,57890,13580,17125,33160,25005,17880,12640,13240,13090,4765,34035,41895"
61,forward,clean_crossing,1,16,9,16,16,0.2989141249494195,"7110,31100,3375,32325,31275,43810,24305,51295,2110,47465,9625,28005,10985,8055,9325,31805"
61,backward,unrestricted,-1,16,5,0,3,0.4948025127197799,"15065,31250,8190,4800,53930,25910,58660,20015,44090,23585,35305,6650,14220,52515,43905,19325"
61,backward,clean_crossing,-1,16,10,16,16,0.2825972575011203,"56600,39095,4025,2100,28020,54375,57580,38790,58965,48625,29860,43795,28840,9205,32515,41440"
62,forward,unrestricted,1,16,6,3,5,0.5715786765711928,"28625,30055,15555,21015,17620,37030,25830,48050,58420,36340,4215,12705,20130,55000,23570,31800"
62,forward,clean_crossing,1,16,10,16,16,0.3095083302338867,"4215,55000,31800,25305,31270,24315,35800,11000,32325,18250,8050,21545,27995,25115,2120,31080"
62,backward,unrestricted,-1,16,11,0,5,0.5381010486727796,"45985,22000,52655,19795,55445,30775,45415,3590,50450,57075,35645,49365,24915,44170,34330,205"
62,backward,clean_crossing,-1,16,7,16,16,0.2950735241742828,"50245,31820,43125,56610,35780,28840,3380,9855,18235,43250,38790,57580,7095,44810,28015,47440"
63,forward,unrestricted,-1,16,10,0,3,0.4596194616935442,"46560,28695,8230,21790,44405,21905,17065,25795,12710,16305,57850,37925,2250,49135,53935,22525"
63,forward,clean_crossing,-1,16,11,16,16,0.30674592896454134,"35805,7470,2135,21545,10985,13410,31260,25345,28855,37565,20580,24305,44660,31785,57585,18615"
63,backward,unrestricted,1,16,11,1,4,0.602565907220965,"23050,11230,195,14915,44350,51890,14530,17315,16645,36585,44065,44235,57465,44615,13920,47455"
63,backward,clean_crossing,1,16,9,16,16,0.3113687850779995,"47455,7110,53360,11000,4230,4005,2125,48110,55030,9205,57575,58950,56630,54390,45615,32340"
64,forward,unrestricted,1,16,12,1,4,0.35100630568569524,"48760,25325,44075,15875,24030,27790,43085,51900,39230,8005,2085,49945,3575,21665,35165,25710"
64,forward,clean_crossing,1,16,9,16,16,0.31628883979082334,"25325,36770,58935,2095,18620,44820,41425,32540,35790,39085,54365,11005,49105,51295,25110,29850"
64,backward,unrestricted,-1,16,10,1,5,0.46966366762857636,"40825,54125,49120,2485,49895,52645,40110,43810,48065,13245,40420,225,23595,24415,8660,8155"
64,backward,clean_crossing,-1,16,9,16,16,0.3026456792793286,"43810,10990,51300,12255,53375,27995,18260,36775,55030,43250,54370,3370,32315,2135,31080,58940"
65,forward,unrestricted,-1,16,5,1,4,0.4249541537444902,"55670,45960,49130,20320,58430,28320,45130,37835,33370,1870,22615,41840,40200,5945,30075,53775"
65,forward,clean_crossing,-1,16,8,16,16,0.30732966266605377,"5945,36765,43785,11290,29965,57595,8065,45840,10980,48590,54360,18250,43255,24315,18615,32325"
65,backward,unrestricted,1,16,12,1,4,0.4061882623050946,"32335,38060,34480,29690,19195,37025,935,28505,40550,44345,58820,48060,21715,46450,49745,12925"
65,backward,clean_crossing,1,16,11,16,16,0.2843808221033795,"32335,38810,36770,4005,45845,41435,58950,43110,56620,13405,3495,55025,47445,31110,47835,20585"
66,forward,unrestricted,1,16,9,0,5,0.4650986358094034,"8270,9525,500,5065,15545,57545,57440,51165,11580,13575,30935,45310,47580,34370,58760,21305"
66,forward,clean_crossing,1,16,10,16,16,0.3063774374985413,"9615,43250,38790,18245,14075,48590,7460,53370,32320,37580,3495,54375,57800,39100,35785,13425"
66,backward,unrestricted,-1,16,6,1,5,0.3553328942218661,"39235,13365,57445,26830,50835,45975,14300,22910,17490,54675,56625,4770,38785,58025,40230,54055"
66,backward,clean_crossing,-1,16,7,16,16,0.3017305906100217,"56625,31090,29850,25110,11285,28835,9325,54760,24290,43105,18630,4010,7080,43785,8050,10625"
67,forward,unrestricted,-1,16,9,1,5,0.5320093320474022,"34365,56930,7450,52170,35120,57460,3545,46375,17640,21370,44900,25925,13865,24630,40115,26460"
67,forward,clean_crossing,-1,16,9,16,16,0.3145792945661842,"7450,43800,11500,39110,36780,44645,25095,6655,37575,29965,9620,21545,4220,24300,7095,18610"
67,backward,unrestricted,1,16,6,1,5,0.554457403632875,"40220,24620,14525,27760,20450,20225,46230,31550,31970,28845,22985,21985,51245,14925,26865,35610"
67,backward,clean_crossing,1,16,10,16,16,0.2968143365668521,"28845,24310,39090,32335,56610,11280,47475,14090,29975,4010,53350,36770,50915,2090,58940,9215"
68,forward,unrestricted,-1,16,6,1,3,0.5429906257801356,"47295,54135,21915,38045,26090,40630,38965,22970,4225,45865,56895,7310,24885,17595,58785,11225"
68,forward,clean_crossing,-1,16,11,16,16,0.325873897188409,"4225,53355,28855,31090,35795,7095,25105,2135,25340,24325,13435,49100,12265,32540,20820,45505"
68,backward,unrestricted,1,16,8,0,4,0.5553933834052378,"58690,26865,42940,44910,33475,58295,26185,40105,44390,32025,52580,48035,3235,55700,27770,54945"
68,backward,clean_crossing,1,16,10,16,16,0.29807386168382144,"7440,32330,9505,53350,11280,31820,18255,21540,50565,7080,24320,49115,2115,12140,36770,31265"
69,forward,unrestricted,-1,16,11,2,2,0.6094835180214926,"59685,30560,5840,19870,43340,53385,4235,40625,58730,26720,37565,15395,5215,17305,57180,45925"
69,forward,clean_crossing,-1,16,10,16,16,0.2915775328050696,"4235,37565,28850,31820,10980,7080,43265,41440,8055,53350,55025,47445,56605,50235,24315,32340"
69,backward,unrestricted,1,16,8,0,5,0.5802370173905038,"17060,55835,8675,43345,49080,2295,46955,29490,11635,45195,16300,21690,19745,25675,56900,37180"
69,backward,clean_crossing,1,16,7,16,16,0.2728733993188738,"50585,7100,2140,43790,13405,55045,57600,10975,24300,28855,14100,35780,31100,25310,25085,32500"
70,forward,unrestricted,-1,16,12,1,7,0.4411179083836907,"8235,26700,25320,39355,39850,25455,130,22425,18120,53215,25645,3930,1630,6135,51465,9470"
70,forward,clean_crossing,-1,16,10,16,16,0.2945692816049018,"25320,24300,50585,55010,28850,36785,8050,25085,9620,2100,55930,4215,3370,38810,37585,54350"
70,backward,unrestricted,1,16,12,2,8,0.48895212476078137,"11290,29855,22990,36575,52810,57890,48040,24900,21860,21130,9535,10720,58770,21360,33255,22330"
70,backward,clean_crossing,1,16,13,16,16,0.311630527552328,"11290,29855,25100,32330,53355,57565,47470,3365,39085,7085,10630,9860,36765,9200,38790,28000"
71,forward,unrestricted,-1,16,8,1,6,0.39502104612604394,"32010,23665,36345,44000,47125,25070,38050,23035,38665,33910,4175,44255,21265,40770,59000,50545"
71,forward,clean_crossing,-1,16,8,16,16,0.29873475619777495,"50545,24295,12255,43780,9215,18625,55005,6655,4220,25115,2105,47865,29865,44655,28830,25310"
71,backward,unrestricted,1,16,9,0,4,0.4896414680064498,"9540,25615,16315,58755,36580,46570,3270,44515,52850,2030,21640,33330,3460,50675,13015,40530"
71,backward,clean_crossing,1,16,9,16,16,0.31945341570527414,"7070,18595,7445,31810,43255,56610,54390,47445,31070,25085,9505,57570,8065,36770,11275,18240"
72,forward,unrestricted,-1,16,12,1,8,0.3532064589799977,"54350,10560,39775,58365,32235,41270,10140,9520,16235,27760,25970,20150,59105,53785,54775,55865"
72,forward,clean_crossing,-1,16,9,16,16,0.2965449796099336,"54350,37575,31280,14100,39085,7095,49105,29970,35805,55040,9625,25320,58930,31810,25115,18630"
72,backward,unrestricted,1,16,7,3,4,0.48175578244916184,"42310,7210,24640,15560,20470,20125,47450,10975,25310,17515,40620,39765,11855,33525,52180,47740"
72,backward,clean_crossing,1,16,9,16,16,0.3026633569969315,"47450,10975,25310,7075,43795,25090,31795,31075,2125,9490,57560,43260,50560,28830,50260,32320"
73,forward,unrestricted,-1,16,9,0,5,0.4084353082011185,"5965,38780,53535,36675,8695,53820,27065,48065,7510,10695,40780,630,10060,15885,43335,23240"
73,forward,clean_crossing,-1,16,9,16,16,0.2982882533232266,"58965,8060,31810,18625,47865,25085,43235,20820,43790,4210,50230,25315,49110,14085,48590,2115"
73,backward,unrestricted,1,16,9,0,3,0.5714703025753377,"13220,34470,36610,27310,58715,40675,2860,20340,48040,44915,54005,41365,575,23790,38595,16395"
73,backward,clean_crossing,1,16,11,16,16,0.32221234050092895,"13435,11005,57600,3360,2130,31785,48625,20580,38810,18260,9865,11290,28025,45505,4010,31105"
74,forward,unrestricted,-1,16,5,0,2,0.3981227889055239,"34475,50815,38265,4995,51910,7370,49040,42275,33360,45720,11210,34075,8965,14920,49185,48505"
74,forward,clean_crossing,-1,16,9,16,16,0.30754096877268666,"35790,47855,25080,18245,4235,37580,24305,43795,54355,13410,50555,31070,12135,48630,57580,7105"
74,backward,unrestricted,1,16,10,0,3,0.4641785325915049,"55850,28700,19240,36570,14900,45930,31740,23280,28960,13250,20870,5610,56810,48490,35010,16225"
74,backward,clean_crossing,1,16,7,16,16,0.3308022594324933,"24320,18260,57560,48620,9490,9630,29850,44805,37570,13435,10985,31080,8060,44645,47870,11290"
75,forward,unrestricted,-1,16,12,0,5,0.45755374251358083,"56140,46545,20170,8730,52320,19845,9365,21920,53470,17135,3245,8040,45195,43720,38665,14740"
75,forward,clean_crossing,-1,16,9,16,16,0.3034938355017727,"43270,2105,35790,50575,54760,57590,4220,38800,54370,49095,31080,9490,50240,3360,47450,37575"
75,backward,unrestricted,1,16,9,1,3,0.520391463651683,"52845,3295,7885,11295,40685,7240,59105,27625,49570,36595,9870,52615,36465,18645,57510,5240"
75,backward,clean_crossing,1,16,9,16,16,0.3207097625724602,"9870,3370,57585,20585,41440,12275,11280,35800,32530,2115,50570,6660,18255,51305,57800,31810"
76,forward,unrestricted,-1,16,8,1,4,0.4643729160750277,"44490,18235,17480,39555,26725,14570,43990,495,11230,12060,58820,24110,7210,39330,3295,53675"
76,forward,clean_crossing,-1,16,11,16,16,0.3072038534398803,"18235,43810,18430,28845,50230,9615,8065,4015,12285,20570,4225,53345,2095,54365,13405,11005"
76,backward,unrestricted,1,16,9,0,2,0.5669240876512922,"18955,45070,34130,56915,57995,33320,15860,27775,38055,29555,7260,21095,50195,48005,34630,55490"
76,backward,clean_crossing,1,16,8,16,16,0.31319987265103333,"7100,47445,32530,31270,25115,45505,31800,13425,10630,35785,12135,58970,32315,48590,24300,10995"
77,forward,unrestricted,-1,16,7,0,4,0.5490253715983652,"15680,6675,12465,36570,45230,30475,13265,5690,30760,5460,26510,43350,41915,19630,33295,6575"
77,forward,clean_crossing,-1,16,9,16,16,0.3026233434818485,"49100,18240,4215,45840,43120,9505,35785,25350,38795,56635,53365,29850,50245,24295,29965,31100"
77,backward,unrestricted,1,16,6,0,3,0.5308548357858193,"25290,27535,56800,35170,13230,9020,23335,42750,34480,41270,57050,50375,37120,23195,16450,12740"
77,backward,clean_crossing,1,16,4,16,16,0.3056438789302665,"11005,24310,47860,44665,9625,28840,31075,25320,35795,6660,45505,54355,12255,18615,13420,2095"
78,forward,unrestricted,1,16,9,0,1,0.5642145362969133,"15525,7860,7375,12850,50430,47300,5050,30470,43355,16010,51495,48505,8865,34960,38970,45210"
78,forward,clean_crossing,1,16,9,16,16,0.31167082006009905,"25345,4210,47870,11495,11290,7085,57800,56615,31075,18430,57600,54395,55030,2100,36790,5950"
78,backward,unrestricted,-1,16,8,1,3,0.42077124518007025,"16520,20215,6300,37370,10990,33675,46285,42870,11250,15995,33285,5470,46610,4875,43205,40560"
78,backward,clean_crossing,-1,16,9,16,16,0.30304201255634733,"10990,20590,32325,9190,13410,4025,7090,55005,50575,24325,28015,45615,43785,6660,43270,21550"
79,forward,unrestricted,-1,16,10,1,3,0.5211243905044207,"2110,18590,11505,53550,57250,38560,8735,23250,5345,31705,56775,26235,14315,27150,3290,16005"
79,forward,clean_crossing,-1,16,9,16,16,0.30335149516317217,"2110,41435,32530,45620,56610,55045,6665,28030,43795,8055,3510,13435,50225,31095,45505,20830"
79,backward,unrestricted,1,16,8,0,2,0.5829828739808096,"31620,25980,58470,25800,40535,1545,46135,47375,44250,5660,59615,34515,54425,26325,20210,46760"
79,backward,clean_crossing,1,16,12,16,16,0.317077702675681,"7465,39080,25110,4230,3370,43265,12980,32510,48595,50570,57575,24315,31815,32320,11280,20585"
80,forward,unrestricted,-1,16,11,2,5,0.37134145788486833,"13430,8715,8845,38250,46325,27040,14490,35805,435,18060,43170,13280,46205,30265,38585,14230"
80,forward,clean_crossing,-1,16,11,16,16,0.3167568166690855,"13430,35805,47875,11500,38795,10630,37570,11285,56610,11000,31075,48615,9500,7085,25100,3495"
80,backward,unrestricted,1,16,8,0,2,0.5950321392271458,"24905,43010,25445,41770,27705,3250,23610,19835,54420,49890,59575,8680,34485,27380,8395,53810"
80,backward,clean_crossing,1,16,8,16,16,0.290049416134169,"18240,4225,57580,29865,7460,43105,50580,10995,56595,54350,32505,32340,2095,20580,51305,25075"
81,forward,unrestricted,-1,16,9,0,2,0.5561006802516136,"31315,22480,700,8240,48150,59615,19000,29340,17130,23405,47625,57255,38760,27850,57880,40945"
81,forward,clean_crossing,-1,16,8,16,16,0.3273595352950094,"29865,31795,9490,38805,45830,44810,28855,43260,8055,6665,53365,14070,7440,54365,4225,29975"
81,backward,unrestricted,1,16,11,0,3,0.54478181512186,"39250,53760,38470,38915,21290,44975,40725,37895,58135,9805,36300,24280,27340,20315,18515,24650"
81,backward,clean_crossing,1,16,8,16,16,0.3120689775224516,"2105,12270,20825,47465,48600,25075,9630,43780,20590,3500,24290,18250,9500,7465,35800,45510"
82,forward,unrestricted,-1,16,5,0,2,0.43968145777824047,"40945,7290,21955,31725,38660,54270,6645,51405,15975,4370,11340,43210,12020,35510,11815,8715"
82,forward,clean_crossing,-1,16,10,16,16,0.3121271388773478,"55005,25105,4220,25305,48605,12280,47885,3510,9615,37585,49095,54395,24320,9870,31270,55930"
82,backward,unrestricted,1,16,9,1,6,0.5125935335409177,"40525,35850,34490,46725,44525,13425,4040,35575,2845,19315,55325,36590,12985,36130,49170,41065"
82,backward,clean_crossing,1,16,9,16,16,0.3115363634409224,"13425,18240,47440,56600,31785,10625,29980,9495,32510,28030,38790,25075,7440,57590,41435,31095"
83,forward,unrestricted,1,16,13,2,6,0.5016273573495781,"20165,51290,55385,44205,57880,41790,16420,56670,48425,5715,59635,15035,43790,47590,31290,27275"
83,forward,clean_crossing,1,16,10,16,16,0.2796739488122003,"51290,43790,2105,29850,10980,45845,43125,10630,57600,38795,18245,25305,54385,58965,13430,43235"
83,backward,unrestricted,-1,16,7,3,9,0.3328201188136475,"25120,52610,51935,34210,7110,56945,35780,54750,43900,35630,9335,10650,39150,41595,24685,8040"
83,backward,clean_crossing,-1,16,8,16,16,0.2944462242630058,"25120,7110,35780,12140,14095,9620,43265,55035,9495,50575,48635,41415,25315,3495,11495,28850"
84,forward,unrestricted,1,16,11,1,4,0.5791702838668832,"40635,40745,26220,21315,47300,13440,58725,36555,44320,58080,51930,20030,52210,15845,31265,2170"
84,forward,clean_crossing,1,16,9,16,16,0.2948563384792289,"31265,25310,4210,53360,37575,29860,7105,38800,48590,44680,18595,8055,54995,25110,24305,28030"
84,backward,unrestricted,-1,16,7,1,5,0.499955852831104,"21655,34380,41020,52955,55970,58660,2100,10685,11485,8000,22720,30425,49695,56945,5970,40610"
84,backward,clean_crossing,-1,16,8,16,16,0.3008732526758241,"2100,53345,28825,54380,4230,45620,58945,28015,32500,3500,44650,43790,12145,20825,20580,48620"
85,forward,unrestricted,1,16,9,1,3,0.5388782679957409,"85,17490,28835,53685,33400,22960,36545,27290,18660,18855,55595,30450,38725,51485,38020,34770"
85,forward,clean_crossing,1,16,9,16,16,0.3150440779310264,"28835,4235,31805,25335,18260,8050,47885,7480,6660,12150,58945,39095,7110,13425,36795,43250"
85,backward,unrestricted,-1,16,8,1,7,0.4592644404073294,"17650,21945,47090,8010,55820,44145,1180,24755,29930,46290,40550,6655,18925,1525,23850,59795"
85,backward,clean_crossing,-1,16,9,16,16,0.3159252777792484,"6655,48115,35795,29855,41430,50545,7070,2135,21540,48630,56595,9630,53345,54995,28015,25330"
86,forward,unrestricted,1,16,7,0,6,0.42324311837842293,"40580,25945,465,19630,48935,34495,45240,27710,3925,21895,5710,4180,13235,17495,47750,38480"
86,forward,clean_crossing,1,16,10,16,16,0.3052660852662825,"6665,25325,13430,57580,12260,24290,10975,25080,31795,18260,38795,58950,2130,20825,32520,4015"
86,backward,unrestricted,-1,16,8,0,6,0.42830113517262824,"51560,170,47995,16310,13795,49880,8835,45340,21950,5075,54235,34180,37815,56425,52605,48235"
86,backward,clean_crossing,-1,16,9,16,16,0.2823062499851618,"55045,7075,12150,25115,9855,48635,14080,47445,38800,43255,53370,49105,11005,13410,54360,47860"
87,forward,unrestricted,1,16,11,0,1,0.5891786282607059,"57245,43355,36540,19650,8160,35750,35125,2620,51330,40615,32805,13445,25300,27745,18970,54565"
87,forward,clean_crossing,1,16,9,16,16,0.31107355809774684,"13415,14100,32525,47840,4020,31795,53370,50255,38800,6660,43255,32315,44825,57805,50555,4220"
87,backward,unrestricted,-1,16,12,0,7,0.5246550433550283,"22910,30675,485,12465,55315,33415,30260,31990,840,36295,25600,20305,33580,48585,51840,27455"
87,backward,clean_crossing,-1,16,7,16,16,0.31968995891727026,"3510,2120,27995,43115,24315,48605,44670,13425,12135,29980,9615,47475,54365,8060,7455,25330"
88,forward,unrestricted,1,16,8,1,6,0.4432756874213371,"59640,5725,2940,35130,47905,43240,1135,30360,18980,42275,43765,3920,45655,18355,1525,25410"
88,forward,clean_crossing,1,16,14,16,16,0.29324764955110394,"43240,4215,56635,50240,4025,8055,32500,51300,54375,25320,31280,50575,29970,10990,2090,13410"
88,backward,unrestricted,-1,16,8,0,4,0.487096525876494,"9660,17700,14950,50885,50395,5310,58240,33990,4090,54490,22970,16180,25055,3125,51985,12450"
88,backward,clean_crossing,-1,16,9,16,16,0.2991869210810937,"7070,12145,38810,9330,43805,47440,48635,9500,11290,36765,20820,2120,44675,54370,24315,3370"
89,forward,unrestricted,-1,16,5,0,3,0.49063115453374595,"38415,34245,36500,1890,13565,22005,46575,6265,22905,52955,29550,13845,16320,9150,20040,7495"
89,forward,clean_crossing,-1,16,8,16,16,0.2929040138251009,"10980,43260,45835,49095,39090,9330,28030,11275,50215,56615,7090,24310,9865,55930,47440,37565"
89,backward,unrestricted,1,16,11,0,1,0.5466124515065757,"15375,3335,45925,22845,2440,36305,23675,25215,3055,12100,29260,3930,30495,44970,35530,43885"
89,backward,clean_crossing,1,16,10,16,16,0.30482054564062355,"10985,54390,53365,58970,28000,48595,9490,45830,2110,12980,47475,24290,45615,20575,50250,57570"
90,forward,unrestricted,1,16,5,0,3,0.5534996648759087,"36545,460,49765,36645,43890,36865,34365,35855,26215,57225,59770,58685,5815,45760,13775,20365"
90,forward,clean_crossing,1,16,10,16,16,0.29754513745774447,"18245,37585,49115,54390,24310,11000,35785,47480,8060,57600,38810,25110,36795,18630,21555,53355"
90,backward,unrestricted,-1,16,5,0,1,0.473116464385889,"12930,22965,27265,28190,47280,13485,33070,42840,19610,38450,51335,46165,37900,49910,45475,8985"
90,backward,clean_crossing,-1,16,8,16,16,0.306814010631292,"45505,13410,35805,51310,4020,4225,24295,25345,31085,11290,43250,28840,44685,32330,9870,31810"
91,forward,unrestricted,1,16,7,0,3,0.6098715284219443,"14640,44050,52670,18270,58705,6625,17500,57840,51800,59810,33280,5835,45480,57260,17780,27730"
91,forward,clean_crossing,1,16,8,16,16,0.3166583467501821,"8060,43120,31790,24300,50570,28000,18245,37585,6655,32535,13425,9620,53345,10975,48110,3365"
91,backward,unrestricted,-1,16,6,0,3,0.6018062307789802,"30270,19780,38025,2910,20215,52965,7280,36185,11325,30445,18320,35850,40250,49375,59430,54740"
91,backward,clean_crossing,-1,16,11,16,16,0.30351786977569484,"47855,25305,7450,8055,14085,25095,28845,11285,9860,47475,55025,18430,5945,9505,3505,58950"
92,forward,unrestricted,-1,16,9,0,3,0.4986749991864565,"41590,11960,21910,25645,31980,58460,3845,38595,38890,42095,19670,51505,34290,58330,16960,48795"
92,forward,clean_crossing,-1,16,8,16,16,0.2990585936267498,"45510,54370,47850,11280,28030,2125,35785,43245,9625,8050,55035,25335,58950,25095,47465,53370"
92,backward,unrestricted,1,16,10,2,6,0.4318995344448819,"38805,8075,50610,58785,240,52670,44825,36545,24485,5990,53105,53640,43585,37950,21700,21400"
92,backward,clean_crossing,1,16,5,16,16,0.31733013345315797,"38805,44825,6665,43260,3510,45615,18430,9630,31265,50260,18240,51290,48630,27995,55000,32520"
93,forward,unrestricted,1,16,9,1,6,0.4039897272776819,"5100,39630,5740,29860,22500,10670,57045,17110,3915,48165,44170,55825,46655,35860,6640,20745"
93,forward,clean_crossing,1,16,8,16,16,0.2962401196924309,"29860,6655,55030,31800,8060,4020,2095,24320,32320,9200,25310,47475,31275,35780,43245,7110"
93,backward,unrestricted,-1,16,8,0,6,0.3639167433165624,"235,18330,44550,45485,51045,5620,47345,11920,18535,38025,39735,39905,10735,27735,24255,43300"
93,backward,clean_crossing,-1,16,11,16,16,0.3067551761545356,"44815,48625,10625,44670,25090,3365,47440,7095,12285,11285,20585,12155,43125,13420,7470,9190"
94,forward,unrestricted,-1,16,8,1,5,0.4675245493137511,"35885,37745,11150,31990,43385,55050,3975,25660,22005,36405,49710,28705,38900,34095,14515,18495"
94,forward,clean_crossing,-1,16,10,16,16,0.3039399203402125,"55050,4230,10975,44810,43255,57590,31800,25350,57805,9500,38800,53370,24300,8055,48615,35785"
94,backward,unrestricted,1,16,8,0,1,0.4874416448479861,"35685,2870,37455,17770,22630,25140,45025,6650,44100,30285,57220,29200,47790,23035,17115,50200"
94,backward,clean_crossing,1,16,5,16,16,0.30484750772165126,"31070,41435,29965,31275,12260,56620,43245,10985,28010,9630,24320,2100,6655,18620,50215,12980"
95,forward,unrestricted,-1,16,8,0,5,0.37292890053951927,"22725,50365,6380,12195,13195,24015,53245,41340,37950,42290,17335,7620,57750,10415,51240,21165"
95,forward,clean_crossing,-1,16,7,16,16,0.32120594447418455,"18610,38810,43260,51295,11275,45505,13410,7460,47440,4025,20585,32525,41420,24325,31085,39095"
95,backward,unrestricted,1,16,4,0,3,0.5453385402421285,"44415,27235,57895,20710,52485,40715,36290,2985,15080,59335,49280,21005,39620,46745,25070,12340"
95,backward,clean_crossing,1,16,6,16,16,0.2868270888713429,"38805,50225,2115,18235,35790,24310,29975,7475,25115,43110,3505,31100,9490,56635,53375,25305"
96,forward,unrestricted,1,16,9,1,4,0.45503188446583887,"17105,5710,35180,10435,44450,33370,39625,53035,50600,19295,55695,11600,8065,44860,34360,40485"
96,forward,clean_crossing,1,16,13,16,16,0.31364722022245506,"8065,24315,7110,4235,44820,29980,10975,25330,13405,28840,32325,3500,7455,35790,9870,2100"
96,backward,unrestricted,-1,16,6,1,7,0.4146904554919659,"3505,21295,9645,6445,38615,32075,3850,38840,50370,35495,1140,31925,55420,15020,17940,4925"
96,backward,clean_crossing,-1,16,8,16,16,0.30616970034068913,"3505,25110,24325,48605,5950,18615,2110,4020,9615,39095,37570,56630,13415,55035,43780,47450"
97,forward,unrestricted,1,16,6,1,7,0.3946470234021324,"55875,10740,16115,6620,40120,50755,33365,25290,29665,51885,58935,11535,22935,32775,46510,29995"
97,forward,clean_crossing,1,16,8,16,16,0.33280416862258905,"58935,13435,7105,25115,47835,55000,24320,7460,28005,44825,54400,14090,39090,43265,12135,8060"
97,backward,unrestricted,-1,16,6,0,4,0.5023605941535563,"56110,33015,6685,51790,44380,59295,31985,47290,51575,7370,43640,6005,24385,27700,9065,46535"
97,backward,clean_crossing,-1,16,8,16,16,0.30297057332492966,"5945,43250,4025,48620,38800,3500,9325,53345,29970,39105,25340,55930,43785,35780,28015,8050"
98,forward,unrestricted,1,16,10,0,1,0.526379214812893,"25290,53040,17760,19970,36065,30245,17140,49650,44425,2865,41660,11935,27715,55075,55715,19125"
98,forward,clean_crossing,1,16,9,16,16,0.28658234803333665,"50580,7090,25305,32505,44825,28830,4000,31265,36780,48635,44665,18600,24315,9190,8065,55035"
98,backward,unrestricted,-1,16,10,0,5,0.5448136135561421,"33115,44335,42105,40500,35855,21905,40600,58745,21265,485,7010,8945,52400,30275,8400,24090"
98,backward,clean_crossing,-1,16,7,16,16,0.30554231589817393,"32535,54355,53355,39115,37565,48115,9495,8055,25075,44660,29975,11000,29855,50915,18595,35790"
99,forward,unrestricted,1,16,10,0,0,0.5837529791624092,"27750,58695,15100,8590,8215,43425,10875,44830,58040,38570,31885,50325,27095,6375,8355,27985"
99,forward,clean_crossing,1,16,12,16,16,0.3045506149212788,"38790,31080,51295,3495,37575,45620,24300,43780,56615,35795,54370,27995,36765,32515,28840,43245"
99,backward,unrestricted,-1,16,6,2,8,0.4997577018389784,"43280,19775,5270,58465,32150,41070,51940,26460,48110,54755,47835,55745,3255,42100,54950,8110"
99,backward,clean_crossing,-1,16,5,16,16,0.2999649664539043,"48110,47835,35785,58930,7095,41435,18250,24305,25305,57800,43105,4215,43250,44825,39095,18600"
100,forward,unrestricted,-1,16,5,1,3,0.5063846952108524,"15010,58075,13945,1025,33300,40940,55810,14700,25105,34360,38605,45575,52665,58725,27540,42305"
100,forward,clean_crossing,-1,16,8,16,16,0.280917653193957,"25105,39090,31260,50575,48115,51310,56625,38805,32530,4210,48635,55045,18235,57595,42020,47470"
100,backward,unrestricted,1,16,7,1,3,0.5714971892930872,"40995,27140,21985,30970,59280,15070,44920,59685,45445,18630,33185,17160,11520,42260,7990,11110"
100,backward,clean_crossing,1,16,8,16,16,0.3038326857428255,"18630,13405,2105,9865,8060,9495,58950,25095,48630,51300,32320,12280,50255,7070,31805,55010"
101,forward,unrestricted,1,16,5,1,4,0.47021849504309443,"43145,19245,57115,48640,38470,56955,21375,31845,29505,13800,8385,630,1620,52615,5945,110"
101,forward,clean_crossing,1,16,9,16,16,0.29437996555942275,"5945,8050,3370,50235,2120,58970,32500,7080,37565,44675,32315,57805,43270,36790,25315,41435"
101,backward,unrestricted,-1,16,6,0,6,0.5296779823319907,"44030,25265,28190,53075,31285,22460,24925,7210,33560,2335,3290,58715,17465,40145,16705,43410"
101,backward,clean_crossing,-1,16,7,16,16,0.30249574915660005,"48610,28010,39100,53360,25330,47480,31275,57585,41425,11000,18260,47870,3510,7090,10625,35800"
102,forward,unrestricted,-1,16,6,0,3,0.6811907563181625,"31395,56950,41820,15915,14930,36110,21885,40950,15115,12970,29610,50355,8740,40500,13750,3095"
102,forward,clean_crossing,-1,16,8,16,16,0.2921300684322174,"4225,2100,7105,48625,32540,13405,45505,41440,51295,53375,58945,25115,36795,28005,56615,10975"
102,backward,unrestricted,1,16,7,1,4,0.5906764324322848,"18325,20140,40540,23370,40745,35640,55530,57580,44410,16015,22465,38630,31000,27205,3275,23090"
102,backward,clean_crossing,1,16,7,16,16,0.28596962660084874,"57580,50580,2105,47835,25080,24300,3510,25330,55030,10630,37565,12260,7090,7455,47455,11290"
103,forward,unrestricted,-1,16,12,1,8,0.3922909268116987,"56280,49980,51410,10740,22500,56765,44130,36070,46175,34010,20975,11455,25935,10640,27995,31990"
103,forward,clean_crossing,-1,16,12,16,16,0.3021189766194574,"27995,28845,37580,21555,49110,50905,31260,13435,32520,53375,44820,9865,38800,35785,9330,45620"
103,backward,unrestricted,1,16,11,1,9,0.39755207564094885,"47505,41025,22765,58460,55855,21900,18010,15015,51945,54000,110,38785,42120,47865,28720,24085"
103,backward,clean_crossing,1,16,7,16,16,0.30939523035279504,"47865,25090,54760,58935,9625,32340,2125,50235,24325,54370,25340,7455,18255,11280,41435,28020"
104,forward,unrestricted,-1,16,8,1,4,0.4845445952303459,"20200,2355,55190,28635,49285,10050,45795,12730,25960,24325,36275,21380,18735,3280,55600,42740"
104,forward,clean_crossing,-1,16,9,16,16,0.3164156048661576,"24325,18235,11000,4210,31275,57575,54360,43105,44650,12290,9190,50220,47880,25075,58955,47460"
104,backward,unrestricted,1,16,8,0,3,0.3942229658176249,"47760,30775,24330,25955,38065,27770,59200,3520,48795,41480,43745,13995,50335,50025,7285,48230"
104,backward,clean_crossing,1,16,5,16,16,0.3184675356036447,"24320,28835,9620,4215,20830,51290,2140,28020,44660,44825,54365,36775,35805,7095,29855,48630"
105,forward,unrestricted,-1,16,9,0,4,0.5592945941528404,"27125,40825,57305,50345,33490,36120,36595,40520,22595,4900,7365,38835,1625,470,25990,11405"
105,forward,clean_crossing,-1,16,8,16,16,0.313564454045018,"25080,53360,11005,9490,2100,38805,20815,11280,45845,28020,5945,4015,51305,50225,32530,4215"
105,backward,unrestricted,1,16,9,2,8,0.4835851441515871,"53020,37250,18335,7870,59870,26455,12755,38045,24310,30635,42955,19800,36090,25310,27735,160"
105,backward,clean_crossing,1,16,9,16,16,0.304540411195274,"24310,25310,50540,25110,3510,29855,27995,3360,47480,7460,51315,18595,50220,9865,18255,44665"
106,forward,unrestricted,-1,16,8,0,5,0.4322096232750393,"15090,57270,30170,38405,46735,6125,24205,52385,45125,22925,27710,7220,20970,24335,22035,16445"
106,forward,clean_crossing,-1,16,9,16,16,0.30331298996887174,"8055,50240,54390,32340,5950,9615,18625,55045,13415,2095,4025,41440,11290,53350,56620,4235"
106,backward,unrestricted,1,16,10,0,5,0.5097724788120491,"3490,49070,8705,14615,25875,58735,5060,13260,6630,51480,5465,47125,4040,17515,17800,1135"
106,backward,clean_crossing,1,16,7,16,16,0.3292546153637491,"24320,39095,31280,18250,55005,35805,8065,29865,55930,57800,43240,7440,37575,57565,44655,4215"
107,forward,unrestricted,1,16,6,0,4,0.4281820845013138,"52085,27900,54945,1505,1130,56760,33860,42735,51150,3235,55830,5500,30245,23080,12860,50010"
107,forward,clean_crossing,1,16,10,16,16,0.3020591836169223,"31270,43260,25080,18235,5950,57570,10995,28000,3495,50255,8060,31105,25315,54360,4210,7475"
107,backward,unrestricted,-1,16,5,2,5,0.4628653997578179,"47765,24425,17150,41805,37745,14190,55335,25465,29180,36655,5045,28025,43415,3490,25105,36555"
107,backward,clean_crossing,-1,16,6,16,16,0.2816014237722595,"28025,25105,43265,47835,38790,44810,25310,4005,31085,2090,50265,37565,50560,13415,14095,8050"
108,forward,unrestricted,1,16,12,1,5,0.44808632242499313,"22720,14700,38875,58805,8085,43270,41825,32700,33110,18290,58510,37215,765,960,10920,44025"
108,forward,clean_crossing,1,16,12,16,16,0.3227475030067348,"43270,38810,13430,45615,25350,4230,54760,50225,31265,7110,25120,57565,41415,10995,48590,8050"
108,backward,unrestricted,-1,16,9,1,5,0.4804162966015321,"57210,48825,13765,38635,8060,18320,27710,29175,39025,22925,35530,39615,23905,11910,620,30215"
108,backward,clean_crossing,-1,16,7,16,16,0.2986540737938175,"8060,2120,25100,24305,28025,57800,50215,47860,48600,14090,36770,25315,7450,7075,3365,18595"
109,forward,unrestricted,1,16,4,0,7,0.4275245184666726,"52600,51925,21905,15900,12990,40780,53990,48530,1880,9475,925,48050,1055,17340,38440,29620"
109,forward,clean_crossing,1,16,10,16,16,0.2965007868893961,"29865,10995,2110,47885,4210,50215,25330,31080,29975,12145,58960,24290,38805,50565,56600,53370"
109,backward,unrestricted,-1,16,6,2,5,0.46286020123338245,"45275,18245,20210,350,56755,47565,14245,16325,58685,29845,29055,2320,5970,57805,20345,31060"
109,backward,clean_crossing,-1,16,5,16,16,0.2892242882842444,"18245,57805,3495,18430,32525,7470,4220,21545,31280,43125,28850,9330,9210,57600,24310,2090"
110,forward,unrestricted,-1,16,10,0,4,0.49938256215552257,"39980,38765,24245,5095,32760,52240,51820,31500,45765,17335,23375,59350,58465,42530,9045,30450"
110,forward,clean_crossing,-1,16,9,16,16,0.296707800064143,"28005,25100,4000,10995,47455,18620,54355,28830,32535,48620,56610,3510,41415,31260,48115,4220"
110,backward,unrestricted,1,16,10,0,2,0.5002059932087001,"45455,33500,3840,46150,6615,59220,8405,5340,38080,1110,12910,30670,25965,15810,7835,33840"
110,backward,clean_crossing,1,16,6,16,16,0.3252818485216486,"28845,25080,13430,55025,25330,31790,4210,9325,28015,8065,43255,20825,50255,44670,35800,39080"
111,forward,unrestricted,-1,16,9,0,3,0.42906663515201,"59545,52605,40595,27715,50780,35740,22730,49290,49700,12420,22960,16015,39340,42105,19015,10690"
111,forward,clean_crossing,-1,16,10,16,16,0.3108048528180808,"7100,24310,53360,28830,29980,31070,4025,13435,31260,29855,5950,11500,36795,50905,38800,37575"
111,backward,unrestricted,1,16,7,2,5,0.5007071596560111,"15105,41840,19130,50995,58690,20275,24315,53755,16460,7290,8955,20155,37580,39370,7755,4620"
111,backward,clean_crossing,1,16,7,16,16,0.30867867479073197,"24315,37580,45505,43270,41415,3495,39090,47845,53365,57575,7095,18250,28015,10980,57800,25095"
112,forward,unrestricted,1,16,7,0,3,0.44313795771140696,"40730,9470,12195,20800,4995,9300,20655,3230,44090,52410,23330,44555,39845,9110,17275,43755"
112,forward,clean_crossing,1,16,8,16,16,0.3177196895605599,"13425,41440,28025,45830,50220,20590,9620,31075,6665,3505,25080,35805,11005,8055,24295,7440"
112,backward,unrestricted,-1,16,5,1,5,0.46108355545293395,"11870,43315,2110,31610,56980,49850,58040,51475,48825,49325,41845,29050,800,58230,47710,54800"
112,backward,clean_crossing,-1,16,3,16,16,0.30902924668918885,"2110,28855,13410,38795,57800,35785,31095,21540,7465,3500,12270,18625,6660,24300,44815,47875"
113,forward,unrestricted,1,16,10,0,4,0.5226689358378727,"40525,56885,46210,16020,20135,8865,41375,8465,21920,3635,40695,7305,685,59260,51285,13370"
113,forward,clean_crossing,1,16,6,16,16,0.2853306988198297,"24295,7460,55035,41440,44680,32500,29865,2090,32320,50580,12265,54380,25345,47450,31790,45830"
113,backward,unrestricted,-1,16,8,1,2,0.5320270382249712,"52540,22020,40610,18910,32260,55285,38985,24475,52950,11285,32480,8215,6050,28990,9295,27325"
113,backward,clean_crossing,-1,16,10,16,16,0.31074343572944996,"11285,57570,28005,25330,48610,4000,12285,41435,3500,9500,50570,50215,2130,21555,31110,55010"
114,forward,unrestricted,1,16,8,0,1,0.5376698424234798,"28685,44310,51760,48675,41475,15155,52815,54590,7810,5255,35835,25935,8490,55365,26390,18895"
114,forward,clean_crossing,1,16,9,16,16,0.2848144315997292,"50225,47460,41425,9870,29965,2110,12265,4225,47840,43270,24295,54375,36785,32335,28020,50570"
114,backward,unrestricted,-1,16,6,1,4,0.6046589031308411,"8720,43580,25120,16335,36445,33035,20305,5625,34100,58730,30485,27300,38375,45305,6185,21670"
114,backward,clean_crossing,-1,16,8,16,16,0.30902825568360226,"25120,31070,48600,25320,38800,50250,29980,31795,9495,45615,8065,53365,57595,45840,3505,44820"
115,forward,unrestricted,1,16,10,1,5,0.4494523618738627,"21920,22910,8065,5860,16395,59590,1190,47770,33480,29350,13440,57430,15120,53960,31145,22685"
115,forward,clean_crossing,1,16,8,16,16,0.3161465632445548,"8065,38805,28030,25325,29860,44815,25090,32530,54395,55005,2105,48110,29970,48605,31805,9500"
115,backward,unrestricted,-1,16,9,2,6,0.48465169282011694,"48235,5965,20240,44430,50725,38475,8755,31275,59480,23920,3520,36615,44270,7465,37220,3910"
115,backward,clean_crossing,-1,16,10,16,16,0.30514812772792516,"31275,7465,25085,35790,28020,49100,18235,36765,32505,20570,13420,57585,43260,44665,3360,4015"
116,forward,unrestricted,1,16,7,1,4,0.4633120966084737,"25460,30540,7855,15565,57440,46410,35345,17145,34140,58670,24420,14415,7445,42255,6375,55060"
116,forward,clean_crossing,1,16,9,16,16,0.30412064746013634,"7445,18255,10985,32510,31800,12260,43110,43265,21555,45840,13410,37585,57800,55015,28005,53370"
116,backward,unrestricted,-1,16,9,0,4,0.44225456679154707,"51915,7160,50615,34400,45180,58520,41445,39330,15400,16120,38610,52610,57415,56960,53295,40485"
116,backward,clean_crossing,-1,16,10,16,16,0.30273248330866737,"41415,24305,54350,9620,25105,29850,2115,27995,38795,10990,12140,31105,36785,3365,55035,53360"
117,forward,unrestricted,-1,16,8,1,5,0.5217919783722362,"28835,12330,34135,17190,21385,17420,38125,51830,38930,9775,15135,49290,23625,29715,32085,17650"
117,forward,clean_crossing,-1,16,10,16,16,0.28398722993204384,"28835,7095,13410,50905,53365,43265,31110,35795,58970,28010,56610,25075,48630,47840,32510,54760"
117,backward,unrestricted,1,16,7,0,4,0.5231937851925246,"39030,25970,30675,10905,52200,36095,22420,2465,22055,11530,34170,14745,40765,35100,45405,51895"
117,backward,clean_crossing,1,16,9,16,16,0.31626453200661414,"48610,10985,38790,3500,6655,31070,9195,28000,25080,43800,53350,44820,32315,57805,4210,2090"
118,forward,unrestricted,-1,16,11,1,5,0.5490135358295054,"58720,24430,16210,34355,3495,22445,41020,11065,35485,16005,54990,51440,8425,52785,15415,17425"
118,forward,clean_crossing,-1,16,12,16,16,0.2927357839068964,"3495,50230,43255,5945,38790,49100,47845,51305,56595,13410,8050,58965,43795,44810,12275,18605"
118,backward,unrestricted,1,16,8,0,7,0.47348568095290255,"40805,43380,35350,50820,21040,32280,37670,34685,25455,56820,37550,40120,130,9810,4030,37825"
118,backward,clean_crossing,1,16,9,16,16,0.29815038915517833,"29865,35780,44690,48615,5950,53365,37575,28005,2140,31820,9330,6665,51300,25120,18610,25350"
119,forward,unrestricted,-1,16,10,1,5,0.5553366756656768,"43325,59210,49055,42695,55455,3280,2470,32095,51765,36105,54995,8870,52395,52820,12830,7195"
119,forward,clean_crossing,-1,16,6,16,16,0.3076450456192559,"54995,5945,38795,49105,25105,50240,4210,50585,51310,20590,2090,3370,44815,36795,7445,57565"
119,backward,unrestricted,1,16,9,0,2,0.4586233665992058,"23415,17485,16220,22890,54530,56880,47915,4860,33315,39175,15315,35390,22595,25030,53500,50630"
119,backward,clean_crossing,1,16,9,16,16,0.29648375457416265,"48635,54395,43260,31075,47480,18610,37570,18430,25100,9330,41425,45845,39085,14075,50255,18240"
120,forward,unrestricted,1,16,8,0,2,0.5539751820067494,"15405,26795,10520,3290,56765,40490,9465,42730,4245,25920,58665,18065,13710,50710,1095,54440"
120,forward,clean_crossing,1,16,8,16,16,0.3343682304912279,"13435,54395,18245,9500,31110,50910,9200,43780,55005,25345,12285,7440,25075,29965,38810,58945"
120,backward,unrestricted,-1,16,7,0,4,0.3789216209625619,"41840,9425,8760,27735,11825,5080,2265,8235,25210,38245,56135,20740,57445,53290,12970,6950"
120,backward,clean_crossing,-1,16,7,16,16,0.2948920906361131,"49095,31280,24300,57590,56600,53350,43800,7460,4230,43250,13405,25315,9190,18240,29850,32515"
121,forward,unrestricted,1,16,12,0,1,0.4997782371629644,"7355,30280,55465,20000,10485,25605,54265,38260,15715,34305,29925,44125,33225,52840,55735,25715"
121,forward,clean_crossing,1,16,9,16,16,0.30589524361662646,"50250,18235,28840,9500,43255,12980,31275,12260,44825,48630,56635,47445,31100,37570,25080,28015"
121,backward,unrestricted,-1,16,8,3,9,0.4780417345484461,"17810,24645,31080,48595,27360,5415,22950,17265,51950,35395,9350,47830,53985,52200,22605,25085"
121,backward,clean_crossing,-1,16,9,16,16,0.3064891914919784,"31080,48595,25085,37575,25310,3365,41430,39085,38790,47440,45620,7110,50260,28030,43235,32335"
122,forward,unrestricted,1,16,7,2,3,0.4603274363842116,"41440,54970,40600,23855,48210,23395,49775,48320,59395,930,23540,18255,55835,15025,15850,34085"
122,forward,clean_crossing,1,16,8,16,16,0.3012732505007846,"41440,18255,10980,43265,36770,14100,25110,38805,7105,9195,4015,55010,29970,24290,50910,44655"
122,backward,unrestricted,-1,16,5,1,4,0.4672097627730042,"5710,59440,2095,15455,2260,43330,22460,52470,23200,1550,3470,17245,48695,8135,46365,14995"
122,backward,clean_crossing,-1,16,7,16,16,0.2988037154031735,"2095,47470,44670,25325,51305,58955,50220,31820,4235,13435,43785,37570,11500,31070,12150,7085"
123,forward,unrestricted,-1,16,12,0,3,0.4158085013879731,"5030,47290,51970,8380,49275,24390,9815,15685,7170,37970,44630,47985,55430,49465,57830,21490"
123,forward,clean_crossing,-1,16,9,16,16,0.2853753240897817,"7480,2125,25090,37565,31275,31095,10975,10625,48610,58950,38810,24295,55040,9325,25345,4005"
123,backward,unrestricted,1,16,9,1,5,0.41252245269036636,"10720,5035,22925,47840,32810,15460,1035,50425,5400,55980,25,4510,47375,46275,28585,16045"
123,backward,clean_crossing,1,16,7,16,16,0.2824959178830796,"47840,7475,10980,25330,25075,4010,12155,48115,48595,37585,31280,50225,10630,54760,28825,58945"
124,forward,unrestricted,1,16,7,0,5,0.41293034100706977,"26850,25895,38485,28245,29890,37150,34340,39900,39490,33015,39170,26525,21870,24880,57720,38680"
124,forward,clean_crossing,1,16,11,16,16,0.32586697028094624,"44820,3375,49095,24320,18595,38805,47450,25095,9630,57805,44645,32520,56615,8055,50240,7100"
124,backward,unrestricted,-1,16,9,0,3,0.46200154594935433,"29410,15605,55980,15800,8125,2345,7755,23895,37610,40820,46550,1875,38005,6705,36685,44925"
124,backward,clean_crossing,-1,16,12,16,16,0.32104668828072214,"25325,48110,29860,43265,6660,43805,31075,41425,49100,44825,55010,11005,44665,25075,4000,45835"
125,forward,unrestricted,1,16,12,0,4,0.5677156813702253,"43625,40245,44935,14410,19220,24075,15410,14515,22095,55405,33315,34525,21580,31295,6345,56955"
125,forward,clean_crossing,1,16,10,16,16,0.30428311202889946,"29980,7440,18260,54350,47880,48600,25325,50215,7085,41435,4020,8050,50915,55040,11005,57600"
125,backward,unrestricted,-1,16,7,0,7,0.41772697547355786,"1195,47575,33750,36625,11540,53210,32745,32275,37810,48240,35110,22525,19670,3485,21565,12890"
125,backward,clean_crossing,-1,16,12,16,16,0.278523702200268,"12265,50555,47475,9505,31805,55050,45840,31265,18240,43125,20570,41430,57595,32520,48635,45510"
126,forward,unrestricted,-1,16,8,2,6,0.44104649695445813,"54375,22980,1595,19195,13965,52830,1185,3365,50660,29870,16405,15560,5840,48905,52525,35155"
126,forward,clean_crossing,-1,16,10,16,16,0.3145749978186878,"54375,3365,25325,25085,4215,35780,49100,31265,47440,51305,50260,37580,4015,32510,24325,9860"
126,backward,unrestricted,1,16,7,0,6,0.5526336658048049,"5050,3835,57755,2280,34675,51895,6320,58515,24980,33305,27295,40855,10745,59805,16205,45310"
126,backward,clean_crossing,1,16,8,16,16,0.30679567816122516,"32330,13415,3500,3355,54385,9500,20820,43270,49110,29850,35800,32535,18595,7475,48605,55020"
127,forward,unrestricted,1,16,8,1,4,0.4569428415247502,"22670,8160,38625,23385,52590,55015,34415,28715,45350,2240,39745,48530,34815,49565,24650,47090"
127,forward,clean_crossing,1,16,11,16,16,0.32190941482064483,"55015,18260,8055,29970,37580,25075,3495,43245,7445,12150,44810,50260,20830,36775,13430,7090"
127,backward,unrestricted,-1,16,7,1,4,0.4354048676240385,"22620,4445,15875,8380,58000,59625,285,17905,43260,13210,2270,48640,5785,49450,22740,22155"
127,backward,clean_crossing,-1,16,8,16,16,0.30497869353025475,"43260,48620,4210,39110,8060,18245,57800,32315,54995,9615,43120,41435,20815,48115,38805,29855"
128,forward,unrestricted,1,16,11,1,6,0.4694933222019011,"49295,22015,1140,26375,54540,41675,44860,51655,34695,22885,24370,42210,55585,25320,58345,13525"
128,forward,clean_crossing,1,16,8,16,16,0.28658807659446206,"25320,28015,29865,54370,31105,8060,2105,54760,47475,49105,37575,9210,12275,31270,9490,25085"
128,backward,unrestricted,-1,16,9,1,2,0.520070032448545,"27765,57520,2910,39825,12920,25035,43400,9830,8110,22870,6090,15385,16415,26060,3255,45510"
128,backward,clean_crossing,-1,16,8,16,16,0.308294377498175,"45510,10625,32540,48615,3505,10990,12155,49115,47875,36780,25345,50565,58955,31785,18600,9630"
