feature_idx,peak_bin,peak_value,mean_value,selectivity
59,1,2.8211564241568197,0.8038143269620048,3.5097115459695734
84,1,1.0276807732784974,0.34398471731457586,2.9875768356786923
5,1,29.71066155087531,10.378046452918763,2.862837595269917
39,1,2.0429221899433294,0.758980784471994,2.691665232819897
31,1,62.502554886050916,23.67565557512892,2.639950335808555
20,1,60.919030337631995,23.78552801011273,2.5611804922610886
120,1,199.6463873789848,147.6719449822232,1.3519588125084825
26,2,47.203722084591504,16.556177703365144,2.8511243917728195
55,2,79.11480996321468,28.43552943624893,2.782252046355755
47,2,51.18991054422433,18.44619432504427,2.7750933142194203
117,2,14.101129643291028,5.300824809722098,2.6601765101587342
48,2,53.16500528044963,20.31489100758926,2.6170460506328372
19,2,42.331772117335,16.565861311271796,2.555361977377532
40,2,0.22548390004198204,0.0884944469619579,2.5480005557565133
54,2,60.73156300689254,24.480751588559826,2.4807883363871768
108,2,45.19174427107342,19.36917708258265,2.333178331655085
6,2,72.033499968487,31.44281280310285,2.2909368961220062
42,2,57.08258937804443,25.047405559733836,2.2789821182042513
101,2,27.027543229515125,11.955138822210404,2.2607469165729603
82,2,77.35865198586069,34.861329122474736,2.219039088099115
29,2,67.94927926376724,31.0306083450198,2.1897501495381233
83,2,17.810557354424354,8.153630529156002,2.18437140249802
22,2,44.24664229047444,20.96513413241532,2.1104869642623094
74,2,23.54045287523332,11.911405756706332,1.9762951037058454
62,2,52.09018732377814,26.606383056158826,1.9578079145079206
53,2,14.8109484619103,7.57322203686778,1.9556997523388375
92,2,21.13681266474259,10.908850465803226,1.937583866512862
113,2,52.892140490570874,29.106634027397284,1.8171850596253805
93,2,34.40511307826101,21.287050372402966,1.6162461438464015
67,3,81.80526659742198,30.819116464848577,2.65436767763038
89,3,68.52826985021846,26.47464646517279,2.5884489124478143
28,3,78.43099904422155,32.95038283854251,2.3802758052473476
70,3,76.93444701908616,33.017924055112736,2.3300812882926154
63,3,75.21110025248365,32.379891607340454,2.3227718352038003
44,3,51.6193467980218,22.60349983535063,2.2836882418222113
11,3,75.31293541389613,33.05853165465165,2.2781694057272985
61,3,83.78109513258354,38.166112004242244,2.1951697653475915
7,3,82.61189932532312,39.26968669130797,2.103706606439707
91,3,34.22279672291302,16.847312413646716,2.0313505135211196
38,3,73.26794660587836,37.141426623080264,1.9726745380412376
104,3,20.230382500233773,10.444482367987874,1.9369444829777822
43,3,37.04515645420365,20.464843507865613,1.8101851812335936
1,3,28.431172516803898,15.760709499379866,1.803927197434974
95,3,8.87125090299833,4.996476354238409,1.7755014282159574
97,3,27.084898258123424,16.614404876785198,1.6302057436897845
102,3,28.885784227495417,17.754443862629394,1.626960802095035
60,3,29.152854399390304,21.137041042491212,1.3792306283923441
77,3,25.945693884875062,19.719286838341457,1.3157521414226245
119,3,14.44965965433478,11.033981096992617,1.3095599428091116
127,4,44.7648083551489,17.089094527147495,2.6194956253553716
32,4,70.9287902134966,28.67623046737117,2.473434934002236
76,4,71.76531185431523,29.450541994917018,2.4368078477706807
3,4,21.94397791749278,9.111080550076396,2.408493459901128
94,4,89.04078350771263,38.903423968912826,2.2887647004763014
51,4,16.17797132827808,7.552908430888256,2.1419525307781777
105,4,46.535873766559305,25.11318237707505,1.8530456661294923
112,4,44.30627142143837,23.923629012836034,1.8519878985610978
66,4,5.22445194489139,2.8759888606074533,1.8165758624625161
57,4,42.36794330745925,24.62210633333105,1.7207278180788648
0,4,35.29432240740233,21.94562050598428,1.6082626780945855
52,4,32.21852682812733,20.191802904556017,1.5956240748000294
56,4,29.457273103012266,18.801455645568822,1.5667549182530593
86,5,49.98006118577207,18.94129192927936,2.638682798004475
36,5,55.46106506933593,21.69154023132395,2.556806223895762
46,5,0.6193238193748596,0.2561551072887401,2.417768772712133
17,5,52.87058934650847,22.494406566031227,2.350388270582205
99,5,62.4338547997051,28.15921379724778,2.217173222563694
72,5,83.68151109429881,39.86189597087254,2.099285772945787
87,5,72.70829302455125,34.84137657640892,2.0868375526178524
24,5,44.808821604921164,21.531029427756458,2.0811276931866227
68,5,69.12641664764251,36.61616470686606,1.8878661159910999
25,5,60.80301282054977,32.701735950591015,1.8593206462316267
45,5,58.12304901438637,32.12917525097954,1.8090426710412844
115,5,45.16235002852246,25.166465390923545,1.7945448169614544
109,5,32.60681843414358,19.174491441058898,1.7005310693310463
103,5,25.84107628692962,16.22792390447219,1.5923833781231616
114,5,24.135076782625568,17.622205208748902,1.3695832330134738
78,6,86.67688968091527,33.027108017057415,2.6244165742924834
33,6,72.90719657316356,29.9280310850069,2.436083963093936
110,6,71.2377141657559,30.47466882638974,2.3376042106178954
2,6,85.90051907647904,39.432450184471904,2.1784220527666984
79,6,100.34719479356392,47.378478089096106,2.1179910972416214
98,6,71.81508703203497,34.3419560067059,2.0911763738213005
81,6,3.2488842758947643,1.554044430906787,2.0905993492077606
4,6,69.46973466312913,33.55246020771616,2.0704810983473543
21,6,57.42898462346905,27.943477452686466,2.055183887571116
75,6,74.72885446458946,36.894565561628255,2.025470508380488
41,6,17.493692212886536,8.839320612997012,1.9790765578933152
30,6,23.65071040805569,13.154058945261843,1.7979781378867847
49,6,94.61396770983198,53.04465850818982,1.7836662610472511
121,6,7.27504316277213,4.45878797435619,1.631618997048621
111,6,56.92886258386526,37.162229403801355,1.5319011667809528
65,6,26.097418248895444,17.117078847554655,1.5246420537826286
90,7,80.48457279844365,29.613657616713454,2.71781938726197
123,7,101.53306118374813,39.079647822102935,2.598105838771678
126,7,56.28672789881438,22.065546030742517,2.55088760642461
8,7,32.31774734755492,13.087807754464569,2.469301807747679
10,7,13.635743393751415,5.56831925194146,2.44880775989913
124,7,66.72145286338316,27.327965739478667,2.4415082154100562
34,7,17.150644933279548,7.082357640304863,2.421601083186738
15,7,97.05550290540921,40.827988022926334,2.3771806450738593
37,7,51.817276499108495,21.912637912859168,2.364721066681743
96,7,86.36054666865475,36.63784206935568,2.3571406445055443
107,7,41.3027245467423,17.8380038347693,2.3154342228716738
58,7,53.97982982790093,23.549719100960438,2.2921644880977863
85,7,41.893192775765755,18.825270189451352,2.225370066626676
35,7,37.26186515089928,17.317446594639755,2.151695109741626
12,7,32.40626809247958,15.473091548541888,2.0943628486145873
64,7,33.659100956300406,16.459938463955773,2.0449104976915065
14,7,18.517733249861703,9.224203644372448,2.0075156581303464
118,7,44.05721403337235,22.018576958066813,2.0009110542100847
27,7,25.988891246806432,13.291036950030463,1.9553697235598992
116,7,82.41880165158034,42.23244014211801,1.951551967497703
73,7,8.74958501090619,4.624246478886472,1.892110433744054
100,7,59.997818934464675,34.312169674582165,1.748587148626431
122,7,6.013355880335682,3.5036427589011367,1.7163153592237133
9,7,20.212164152564327,12.075879924223875,1.6737632602671562
69,7,97.02345490096619,58.529703870216885,1.6576788961055442
88,7,21.67360179505703,13.369385393723718,1.62113673566708
50,8,1.2846099432012617,0.4226719623239374,3.039259893502689
125,8,49.61639859296238,19.01592272817714,2.609202787695435
106,8,50.923540797487476,19.589536476603865,2.5995276028253542
80,8,16.435795536184017,6.349250541674233,2.5886197793430394
18,8,53.169273953365746,20.670552238629966,2.5722231965336313
71,8,17.671134580642615,7.02881996812755,2.514096912536034
16,8,41.79886009558807,16.872189388966994,2.477382106848538
23,8,21.509150201785967,9.778461536951005,2.199645631422249
13,8,0.3596046914349681,0.22600330594600063,1.5911479255984773
