unit,mean_zscore,sem_zscore
0,-0.0243235271534597,0.0037276328851429
1,0.0198409843178516,0.0037914715876294
2,0.1386971418922577,0.0038841246465017
3,0.130738715382376,0.0038805645004443
4,0.2188140972554244,0.0039463210460088
5,0.054585076505402,0.0037890311580418
6,0.1060776685011542,0.0039383080871021
7,0.2214575747797525,0.0040776754578501
8,0.1862411962926634,0.0040980502820552
9,0.2630004822557247,0.0043639532383294
10,0.1181168885858173,0.0039420581770336
11,0.3016582525772884,0.0039118694663186
12,0.0985184747916543,0.0039053319648028
13,0.2944946184986986,0.0040185062266501
14,0.1309587684782786,0.0039489056406341
15,0.2095933623699966,0.0037951092204367
16,0.0189365334781803,0.0038727529330386
17,0.2738139255070908,0.0042896102522311
18,0.1289672253713759,0.0039715594699145
19,0.1740923625638922,0.0038396140856039
20,0.2076292354670564,0.0041663762047715
21,0.1603452278753354,0.0038762305280743
22,0.1722185652460287,0.0038230121157355
23,0.1944614747896699,0.0041663702860295
24,0.0403776554929464,0.0038019436401869
25,0.1119952105527611,0.0038866941539606
26,0.2101385235516336,0.0039359909930074
27,0.10889832740186,0.0039411982725361
28,0.0972767120170086,0.0038245593447404
29,0.0521751755032914,0.0037566565486562
30,-0.0009594251660057,0.0037776979353103
31,0.2367747529638423,0.0040851613626479
32,0.0843253120507713,0.0039350513091347
33,0.2051455814329237,0.0039155607790819
34,0.1891299747855298,0.0040571767463256
35,0.1052335595965601,0.0039156400579659
36,0.1414645296188204,0.0040015490113401
37,0.2021011464979898,0.0040793687248513
38,0.1646714197690385,0.0039155320177246
39,0.1900084008415925,0.0040461830940064
40,0.1802695720986141,0.0039109621760093
41,0.2472933278856069,0.0040569724215828
42,0.1938924891703874,0.004037873818452
43,0.1468834339234372,0.0038770908437743
44,-0.0204448003607171,0.003665649627984
45,0.2362048457919706,0.004009705540698
46,0.1486302102954834,0.0039083408974826
47,0.2095014338568665,0.0039643826268875
48,0.1706580020118049,0.0039094386103694
49,0.1964816173477523,0.003988262859601
50,0.088641709937285,0.0038603197190005
51,0.0607913322429411,0.00373996447033
52,0.0713918996341239,0.0038094216841016
53,-0.0350384105496842,0.0036679663479743
54,0.1568047437797477,0.0039439250229343
55,0.0688110419902818,0.0038088667617723
56,0.1588294721513297,0.0039894702883254
57,0.1507518265458522,0.0040212796695446
58,0.1545164602958663,0.0039686732700997
59,0.0335705860669429,0.003739549124423
60,0.1750979713192891,0.0039870598595475
61,-0.0460369481062884,0.0036152133379416
62,0.1691929350101873,0.0039585625894848
63,0.1189812371997414,0.0039542231378804
64,0.2414609847619807,0.0041056594066281
65,0.1259548991544329,0.0039547290071711
66,0.1642064941279874,0.0037991172327644
67,0.1357787779372923,0.0040317494521723
68,0.1734059823701873,0.0040496939700693
69,0.1130848484054421,0.0038465843104442
70,0.1870495209745246,0.0038691361312579
71,0.1985191876065578,0.0038835071260302
72,0.1481945647302065,0.0040695882729034
73,0.2734442499672464,0.0041301625086548
74,0.1479667304810852,0.0038308981507301
75,0.1791951614559488,0.0040665882455521
76,0.1187034363825976,0.0038737659300955
77,0.0548707390730931,0.0037778789006924
78,0.0648054077859218,0.003801150573722
79,0.0118607535376593,0.003694066830098
80,0.1018891426928989,0.0038991299883982
81,0.0460867364844128,0.0037564502281796
82,0.1393830252166852,0.0039135757827868
83,0.1235382312515545,0.0038150260665489
84,0.02932441792031,0.0037176470544828
85,0.0681180706431173,0.0038326258044438
86,0.1026102509777904,0.0038476134164298
87,0.0334744949575272,0.0037672615997178
88,0.0542172998658614,0.00375480008883
89,-0.0131042991050392,0.003630215909002
90,0.0663786555764189,0.0037482020516938
91,0.1473979724841227,0.0040441459435107
92,-0.0468036428729701,0.0035352585963749
93,0.0017480199714678,0.0036971189723661
94,0.1043033267871837,0.0040035143470306
95,-0.0761847400811991,0.0035139705008114
96,0.0227360744158731,0.0037411471592809
97,0.0865551480509691,0.0038117192537221
98,0.0542646542924614,0.003769107291608
99,0.0524483581397237,0.003814615679294
100,0.1042174736000926,0.0037976013387435
101,-0.0207146253249503,0.003682096174117
102,0.166828880484847,0.0038029831446345
103,0.1030236929376249,0.0037827734215194
104,0.0903207130294165,0.0038891901648371
105,0.0606781520997642,0.0037045544355332
106,0.1063856769358887,0.003933194953848
107,-0.0012214724341409,0.0036797137970958
108,0.0828732397786154,0.0038562512859643
109,0.1417838389355298,0.0038848131541513
110,0.134930986712681,0.0039772293961544
111,0.0580546894456281,0.0038514080304421
112,0.2679218111237443,0.0041061381931663
113,0.2058588589496981,0.0040179372959447
114,0.0540143205023922,0.0037462423577941
115,0.1476648847257614,0.0039269945038154
116,0.1754863393160076,0.0039302658381358
117,0.1399618665326833,0.0037980875818373
118,0.3080342095278652,0.0040122901984122
119,0.1608218081220953,0.0041040817082157
120,0.2024988716024633,0.0040613577857574
121,0.1495734859841709,0.0041066763598181
122,0.263443208205364,0.003991136121733
123,0.1540418976381943,0.0038930169855143
124,0.1990200476203352,0.0045432611122559
125,0.4142209482148704,0.0042489517145669
126,0.2246737590058163,0.0040242234060979
127,-0.0315638338414815,0.0036105591738649
128,0.0176049490694073,0.0037320780070448
129,0.0006844172895828,0.0036937303337799
130,0.0442502734373655,0.0037335291175155
131,0.0074600116292122,0.0036978397652217
132,0.2042731921680046,0.003843686565914
133,0.0721848692507779,0.0035141467398495
134,0.2104150008486526,0.0039989796710631
135,-0.0443118516422966,0.0034917946536648
136,-0.0928852948603992,0.0034057798263075
137,0.10827103872695,0.0037293841646194
138,0.1924783127245123,0.0037566116452262
139,0.1514931306876204,0.0035367296557113
140,0.1851224155316443,0.0039478478769631
141,0.1258275729543692,0.0037007514383948
142,-0.0216166126600349,0.0035565991208504
143,0.2121116081080021,0.0040244614844183
144,0.201288303561097,0.0039192877817045
145,0.1623444778626924,0.0039656047378557
146,0.1878171795919413,0.0040665292712117
147,0.0854488027056529,0.0039831316415653
148,0.1393570302635303,0.0038986281213937
149,0.2883728927679739,0.0041307676663495
150,0.2800865634186108,0.0041787251278176
151,0.0898090865055823,0.0038248231768494
152,0.2080467885525867,0.004024536924525
153,0.3743833896402824,0.0039044401992165
154,0.2253601314424456,0.0040398295038833
155,0.2914683173318015,0.0043353839085732
156,0.1829012836183317,0.0039598998069334
157,0.0855153508307284,0.003882036309799
158,0.3757380275754481,0.0044303538617159
159,0.2552239424488898,0.0037484785392239
160,0.1403374378012211,0.0039142823570741
161,0.171034967723564,0.004034930510694
162,0.0514411567472897,0.0038081013504301
163,-0.0081708313407959,0.003764381027648
164,-0.0287192465867615,0.0036795275895679
165,0.0185195765109424,0.0037103699398092
166,-0.0996730405594503,0.0034687453715271
167,-0.0364022096939142,0.0035516552057544
168,-0.0031999134506199,0.0036230542717055
169,0.1059085937101178,0.0039032618347396
170,0.0096233410572239,0.0037512656450871
171,0.2334609150465344,0.0037050486417976
172,-0.0916106290864406,0.0036765538655286
173,0.0787042825234004,0.0037934799888118
174,0.0143045358214266,0.0034941703715784
175,-0.0309584310536795,0.0036616315960338
176,-0.0003660895238907,0.0037255542046409
177,0.1063841901382752,0.0038961605645285
178,0.1900801397560449,0.0042291274312908
179,0.0380489358512601,0.0038644877260218
180,0.1746421072892759,0.0040474755036183
181,0.2378831202629315,0.0039415382883653
182,0.1944045672462355,0.0038133760105525
183,0.2334592903123244,0.0033866678439627
184,0.1504361045640928,0.0038730434266534
185,0.1815061642601838,0.0037235611277428
186,0.2226662096275971,0.0040304072484296
187,0.1583138010951435,0.0040884807089002
188,0.3146275516244979,0.0043078469511874
189,0.3278631764626814,0.0041081526496067
190,0.1541766892221758,0.0042282288645689
